27,Ballito ,Hampshire Hotel,Hotel,Moffat Drive,-,1,Unlimited ,Uncapped ,
30,Ballito ,Milk Café ,Restaurant ,18 Compensation Beach Road ,-,2,Unlimited ,Uncapped ,
34,Ballito ,Primi Plantation ,Lifestyle Centre ,Cnr 398 and 445 Main Road ,-,3,60mis,Uncapped ,
53,Berea ,Fego Café ,St Augustines Hospital,107 Chemsford Rd,-,4,30mins ,Uncapped ,
54,Berea ,Indian Connection ,Restaurant ,485 Lillian Ngoyi Road ,-,5,Unlimited ,Uncapped ,
56,Berea ,Jimmys Killer Fish and Chips ,Caminettoes Building ,201 Sparks Road ,-,6,Unlimited ,30MB ,
63,Berea ,NSA Coffee Shop ,Restaurant ,166 Bulwer Road ,-,7,Unlimited ,Uncapped ,
64,Berea ,Peg,Restaurant ,214 Essenwood Road ,-,8,Unlimited ,Uncapped ,
81,Chatsworth,KFC ,Chatsworth Shopping Centre ,17 Joyhurst Street ,-,9,Unlimited ,30MB ,
87,Chatsworth,Virgin Store ,Chatsworth Shopping Centre ,17 Joyhurst Street ,-,10,Unlimited ,30MB ,
88,Chatsworth,Wimpy  ,Chatsworth Shopping Centre ,17 Joyhurst Street ,-,11,Unlimited ,30MB ,
122,Durban ,Hungry Lion ,Restaurant ,Cnr Victoria and Field Street ,-,12,Unlimited ,30MB ,
123,Durban ,Hungry Lion ,Restaurant ,36 Durban Road ,-,13,Unlimited ,30MB ,
124,Durban ,Hungry Lion ,Restaurant ,Brickhill and Seaview Road ,-,14,Unlimited ,30MB ,
125,Durban ,Hungry Lion ,Britannia Shopping Centre ,424 West Street,-,15,Unlimited ,30MB ,
137,Durban ,McDonalds ,Restaurant ,Cnr West and Field Street ,-,16,Unlimited ,30MB ,
143,Durban ,Pirates Arms ,Whilsons Wharf ,14 Boatsman Road,-,17,Unlimited ,30MB ,
183,Durban North ,Santana Hair ,Kensignton Square,53 Adelaid Tambo Drive ,-,18,Unlimited ,30MB ,
272,Hillcrest ,McDonalds ,Restaurant ,R103 Old Main Road ,-,19,Unlimited ,30MB ,
279,Hillcrest ,Telkom Direct Store ,Christian Village Shopping Centre ,46 Old Main Road ,-,20,Unlimited ,30MB ,
313,Kloof ,Phuket Thai ,Umhlanga Plaza,Lagoon Drive,-,21,Unlimited ,30MB ,
335,KwaMashu,McDonalds ,Bridge Mall ,Bridge Mall KwaMashu ,-,22,,30MB ,
336,KwaMashu,McDonalds ,Bridge Mall ,Bridge Mall KwaMashu ,-,23,Unlimited ,30MB ,
337,KwaMashu,Old Fashioned Fish and Chips ,Bridge Mall ,Bridge Mall KwaMashu ,-,24,Unlimited ,30MB ,
340,KwaMashu,Rage Fashion ,Bridge Mall ,Bridge Mall KwaMashu ,-,25,,30MB ,
342,KwaMashu,Roots ,Bridge Mall ,Bridge Mall KwaMashu ,-,26,,30MB ,
354,La Lucia ,Wimpy  ,St Lucia,St Lucia Estuary ,-,27,30mins ,50MB,
357,La Mercy,Fegos ,King Shaka Airport,King Shaka Drive ,-,28,Unlimited ,Uncapped ,
361,La Mercy ,Mugg & Bean ,King Shaka Airport,King Shaka Drive ,-,29,30mins ,50MB,
362,La Mercy ,News Café ,King Shaka Airport,King Shaka Drive ,-,30,30mins ,50MB,
363,La Mercy ,Rhapsodys Easy Lounge ,King Shaka Airport,King Shaka Drive ,-,31,Unlimited ,Uncapped ,
364,La Mercy ,Spur,King Shaka Airport,King Shaka Drive ,-,32,50mins,30MB ,
417,Morningside ,Bhuddha Belly Café ,Florida Road ,124 Florida Road,-,33,Unlimited ,30MB ,
435,Morningside ,Luna Blu Gourmet Food ,Restaurant ,427 Windermere Road,-,34,30mins ,Uncapped ,
440,Morningside ,Restaurants on Florida Road (MWEB),Florida Road ,Florida Road ,-,35,Unlimited ,Uncapped ,
442,Morningside ,Santana Hair ,Restaurant ,275 Florida Road ,-,36,Unlimited ,30MB ,
448,Morningside ,The Czar,Florida Road ,178 Florida Road,-,37,Unlimited ,30MB ,
461,Musgrave ,Barcelos ,Musgrave Shopping Centre ,115 Musgrave Road ,-,38,Unlimited ,30MB ,
463,Musgrave ,Circus Circus ,Musgrave Shopping Centre ,115 Musgrave Road ,-,39,Unlimited ,30MB ,
464,Musgrave ,Kauai ,Musgrave Shopping Centre ,115 Musgrave Road ,-,40,30mins ,Uncapped ,
471,Musgrave ,St Clemenets ,Restaurant ,191 Musgrave Road ,-,41,Unlimited ,Uncapped ,
473,Musgrave ,Telkom Direct Store ,Musgrave Shopping Centre ,115 Musgrave Road ,-,42,Unlimited ,30MB ,
475,Musgrave ,Terry Scott Hairdressing,Hairdresser,115 Musgrave Road ,-,43,Unlimited ,30MB ,
540,North Beach,Wimpy  ,uShaka Marine World ,1 Bell Street ,-,44,30mins ,50MB,
550,Overport,Stylish Hair Salon ,Gem Towers ,98 Overport Drive ,-,45,Unlimited ,30MB ,
583,Phoenix ,Telkom Direct Store ,Phoenix Plaza ,"19 Parthenon Street, Shop 14",-,46,,30MB ,
584,Phoenix ,Telkom Direct Store ,Phoenix Plaza ,19 Parthenon Street,-,47,Unlimited ,30MB ,
589,Phoenix ,Wimpy  ,Phoenix Plaza ,19 Parthenon Street ,-,48,Unlimited ,30MB ,
737,Pinetown ,Movas ,Pine Crest Shopping Centre ,Pine Crest Centre ,-,49,Unlimited ,30MB ,
742,Pinetown ,Reds Curry Pot,Pinecrest Centre ,17 Kings Road,-,50,Unlimited ,30MB ,
747,Pinetown ,Telkom Direct Store ,Pine Crest Shopping Centre ,17 Kings Road,-,51,Unlimited ,30MB ,
749,Pinetown ,Wimpy  ,Pine Crest Shopping Centre ,Kings Road ,-,52,30mins ,50MB,
753,Point ,Docklands Hotel ,Hotel,40 Mahatma Gandhi Road,-,53,Unlimited ,150MB,
782,Richards Bay ,Galitos ,Restaurant ,Cnr Bultion Boulevard and Kruger Rand ,-,54,Unlimited,30MB,
784,Richards Bay ,McDonalds,Restaurant ,Main Road and Premuim Promenade,-,55,60mins,Uncapped,
793,Richards Bay ,Telkom Direct Store,Boardwalk Shopping Centre,4 Lira Link ,-,56,Unlimited,30MB,
794,Richards Bay ,Virgin Stores,Boardwalk Shopping Centre,Mark Strauss Street,-,57,Unlimited,30MB,
795,Richards Bay ,Wimpy,Alton ,77 Alumina Allee Street ,-,58,30mins,Uncapped,
800,Richards Bay ,Woolworths ,Boardwalk Shopping Centre,Mark Strauss Street,-,59,30mins,50MB,
830,Shallcross ,KFC ,The Ridge @ Shallcross,90 Shallcross Road,-,60,Unlimited ,30MB ,
878,South Beach,Oriental Restaurant ,The Workshop Shopping Centre ,99 Aliwal Street ,-,61,Unlimited ,30MB ,
883,South Beach,Subway ,Old Mutual Mall ,300 Smith Street ,-,62,Unlimited ,30MB ,
914,Springfield Park ,Sasol,Garage ,Umgeni Road ,-,63,30mins ,50MB,
932,Stanger ,Total Garage  ,Garage ,4 Blaine Street ,-,64,30 min ,Uncapped ,R15/30min or R25/hr after 
959,The Bluff ,Romans Pizza ,Bluff Towers ,318 Tara Road ,-,65,Unlimited ,30MB ,
962,The Bluff ,Telkom Direct Store ,Bluff Towers ,318 Tara Road ,-,66,Unlimited ,30MB ,
964,The Bluff ,Wimpy  ,Protea Mall,42 Lighthouse Drive,-,67,30mins ,Uncapped ,
995,Umgeni ,Hungry Lion ,Pine Parkade ,260 Pine Street ,-,68,Unlimited ,30MB ,
1017,Umhlanga ,Essence of Beauty ,Ridgeton Towers,Aurora Drive 6 ,-,69,Unlimited ,30MB ,
1027,Umhlanga ,Gordons Grill,Umhlanga Rocks ,15 Lagoon Drive,-,70,Unlimited ,30MB ,
1028,Umhlanga ,Holiday Inn Express ,Hotel,2 Ncondo Place ,-,71,Unlimited ,30MB ,
1037,Umhlanga ,Jimmys Killer Fish and Chips ,Restaurant ,3 Jubilee Grove ,-,72,Unlimited ,30MB ,
1051,Umhlanga ,Nandos ,Lighthouse Mall,14 Chartwell Drive,-,73,Unlimited ,30MB ,
1057,Umhlanga ,Spicy Affair ,Ridgeton Towers,Aurora Drive 6 ,-,74,Unlimited ,30MB ,
1058,Umhlanga ,Steak and Ale ,Chartwell Shopping Centre ,15 Chartwell Drive ,-,75,Unlimited ,30MB ,
1060,Umhlanga ,The George ,Lighthouse Mall,Chartwell Drive,-,76,Unlimited ,30MB ,
1069,Umhlanga ,Wimpy  ,Umhlanga,47 Riley Street ,-,77,30mins ,Uncapped ,
1085,Umhlanga Ridge ,Fego Café ,Umhlanga Rocks ,323 Umhlanga Rocks Drive ,-,78,30mins ,Uncapped ,
1093,Umhlanga Ridge ,HairDotCom,Ridgeton Towers,6 Aurora Drive ,-,79,Unlimited ,30MB ,
1094,Umhlanga Ridge ,Image Studio ,Ridgeton Towers,6 Aurora Drive,-,80,Unlimited ,30MB ,
1100,Umhlanga Ridge ,My Diners ,Gateway ,1 Palm Boulevard ,-,81,Unlimited ,30MB ,
1103,Umhlanga Ridge ,Ocean Basket ,Gateway Theatre of Shopping,1 Palm Boulevard ,-,82,Unlimited ,30MB ,
1104,Umhlanga Ridge ,Panarottis ,Gateway ,1 Palm Boulevard ,-,83,Unlimited ,Uncapped ,
1113,Umhlanga Ridge ,Woolworths Café ,Gateway ,1 Palm Boulevard ,-,84,30mins ,50Mb,
1115,Umhlanga Ridge ,Larneys Café ,Gateway Theatre of Shopping,1 Palm Boulevard ,-,85,Unlimited ,Uncapped ,
1123,Umkomass,Thali ,Chatsworth Shopping Centre ,17 Joyhurst Street ,-,86,Unlimited ,30MB ,
1178,Westville ,Firkin Brewery ,Pavillion Shopping Centre ,9 Spine Road ,-,87,Unlimited ,30MB ,
1182,Westville ,Kansas Spur ,Pavillion Shopping Centre ,9 Spine Road ,-,88,Unlimited ,30MB ,
1191,Westville ,My Diners ,Westwood Shopping Centre ,16 Lincon Terrace ,-,89,Unlimited ,30MB ,
1195,Westville ,Ninos,Pavillion Shopping Centre ,9 Spine Road ,-,90,30mins ,Uncapped ,
2,Amanzintoti,ATKV Natalia Beach Resort ,Hotel,Elizaberth Avenue ,AlwaysOn,1,,,
6,Amanzintoti,Makro ,Store ,Arbour Road  ,AlwaysOn,2,,,
8,Amanzintoti,Mugg & Bean ,Restaurant,Galleria Mall,AlwaysOn,3,,,
9,Amanzintoti,Nedbank ,Bank,Galleria Mall,AlwaysOn,4,,,
10,Amanzintoti,Ninos,Restaurant ,Arbour Road  ,AlwaysOn,5,,,
15,Amanzintoti,The View Guest Lodge ,Hotel,Hillside Road ,AlwaysOn,6,,,
24,Ballito ,Fairmont Zimbali Lodge ,Hotel,Zimbali Coastal Estate ,AlwaysOn,7,,,
32,Ballito ,Mugg & Bean ,Restaurant ,Ballito Drive ,AlwaysOn,8,,,
40,Ballito ,Wimpy  ,Lifestyle Centre ,Main Road ,AlwaysOn,9,,,
50,Berea ,Coastlands Holiday Resort ,Hotel,Dr Pixley KaSeme Street ,AlwaysOn,10,,,
69,Berea ,Wimpy  ,Murchies Passage ,Murchies Passage ,AlwaysOn,11,,,
100,Dundee ,Nedbank Boxer ,Store ,Victoria Street ,AlwaysOn,12,,,
141,Durban ,Ninos,Mutual Mall ,Dr Pixley KaSeme Street ,AlwaysOn,13,,,
146,Durban ,Superbets Durban ,Sports Betting ,Joe Slovo Drive ,AlwaysOn,14,,,
153,Durban ,Wimpy  ,Workshop Centre,Dr A B Xuma Street ,AlwaysOn,15,,,
192,Durban South ,Engen Panda Carwash,Garage ,Roland Chapman Drive ,AlwaysOn,16,,,
200,Empangeni ,Nedbank ,Empangeni Market ,4 Weightman Avenue,AlwaysOn,17,,,
207,Escourt ,Nedbank,Bank,Harding Road,AlwaysOn,18,,,
210,Escourt ,Nedbank Boxer ,Store ,Alexandra Street ,AlwaysOn,19,,,
211,Escourt ,Wimpy ,Restaurant ,Richmond Road,AlwaysOn,20,,,
216,Eshowe ,McDonalds ,Restaurant ,Turnbull Street ,AlwaysOn,21,,,
217,Eshowe ,Nedbank ,Bank ,Osborne Road ,AlwaysOn,22,,,
226,Glenashley ,Caltex Freshstop ,Garage ,Newport Avenue ,AlwaysOn,23,,,
231,Glenashley ,Wimpy,Restaurant ,Lynn Avenue ,AlwaysOn,24,,,
241,Greytown,Wimpy,Restaurant,160 Pine Street ,AlwaysOn,25,,,
263,Hillcrest ,BP Garage ,Garage ,Inanda Road,AlwaysOn,26,,,
277,Hillcrest ,Mugg & Bean ,Watercrest Mall,Cnr Inanda and Brackenhill Road,AlwaysOn,27,,,
294,Isipingo ,KFC,Restaurant,Alexandra Avenue ,AlwaysOn,28,,,
296,Isipingo ,The View at 686,Hotel,Ocean View Drive ,AlwaysOn,29,,,
323,KwaDukuza,KFC ,Restaurant,Cato Street ,AlwaysOn,30,,,
325,KwaDukuza,Princes Grant Lodge ,Hotel ,1 Babu Bodasing Avenue,AlwaysOn,31,,,
343,KwaMashu,Sbahles Baber Shop and Salon ,Ithala Centre ,Malande Road ,AlwaysOn,32,,,
356,La Mercy,Budget Car Rental,Car Rental,King Shaka Airport ,AlwaysOn,33,,,
370,Ladysmith,Nedbank,Bank,Murchison Street ,AlwaysOn,34,,,
386,Margate ,Mugg & Bean ,Restaurant,Marine Drive ,AlwaysOn,35,,,
394,Matubatuba ,Nedbank ,Taxi City ,Off the R618,AlwaysOn,36,,,
402,Melmoth,Nedbank,Bank,Jacob Cohn Street,AlwaysOn,37,,,
430,Morningside ,Europa Food Emporium,Florida Road ,167 Florida Road ,AlwaysOn,38,Unlimited ,50MB,
437,Morningside ,Mugg & Bean ,Suncoast Casino ,20 Battery Beach Road ,AlwaysOn,39,,,
438,Morningside ,Nedbank ,Kingsmead Campus ,Kingsmead Boulevard ,AlwaysOn,40,,,
439,Morningside ,Ninos,Moses Mabhida Stadium ,44 Isaiah Ntshangase Road ,AlwaysOn,41,,,
444,Morningside ,Southern Sun Elangeni & Maharani ,Hotel ,Snell Parade ,AlwaysOn,42,,,
445,Morningside ,Sun1 Durban,Hotel,Masabalala Yengwa Avenue ,AlwaysOn,43,,,
446,Morningside ,Suncoast Hotel and Towers ,Hotel ,20 Battery Beach Road ,AlwaysOn,44,,,
449,Morningside ,Tsogo Sun Sun Coast Casino,Casino ,20 Battery Beach Road ,AlwaysOn,45,,,
452,Mount Edgecombe,KFC,Mount Edgecombe Plaza ,R102 Hill Head Road ,AlwaysOn,46,,,
453,Mount Edgecombe,KFC ,Restaurant,City Boundary Street ,AlwaysOn,47,,,
455,Mount Edgecombe,McDonalds ,Restaurant ,Junction and Hillhead Road,AlwaysOn,48,,,
481,Newcastle ,ABSA ,Bank,Whyte Street,AlwaysOn,49,,,
483,Newcastle ,Garden Court Blackrock Casino,Hotel,Allen Street ,AlwaysOn,50,,,
493,Newcastle ,Mugg & Bean ,Restaurant ,Allen Street,AlwaysOn,51,,,
508,Newlands ,DHL,Couriers ,Riverhorse Road ,AlwaysOn,52,,,
512,Newlands ,Mugg & Bean ,Petro Port North ,5001 N2 Highway ,AlwaysOn,53,,,
513,Newlands ,Mugg & Bean ,Petro Port South ,5001 N2 Highway ,AlwaysOn,54,,,
569,Phoenix ,KFC ,Restaurant ,91 Phathernon Street ,AlwaysOn,55,,,
570,Phoenix ,KFC ,Restaurant ,Phoenix Highway ,AlwaysOn,56,,,
590,Pietermaritzburg ,ABSA ,Bank,Hyslop Road ,AlwaysOn,57,,,
597,Pietermaritzburg ,Café Oasis ,Liberty Midlands Mall ,50 Sanctuary Road ,AlwaysOn,58,,,
613,Pietermaritzburg ,Golden Horse Hotel ,Hotel,New England Road ,AlwaysOn,59,,,
652,Pietermaritzburg ,Mugg & Bean ,Liberty Midlands Mall ,50 Sanctuary Road ,AlwaysOn,60,,,
657,Pietermaritzburg ,Nedbank,Liberty Midlands Mall ,50 Sanctuary Road ,AlwaysOn,61,,,
658,Pietermaritzburg ,Nedbank,Bank,Allan Paton Road ,AlwaysOn,62,,,
661,Pietermaritzburg ,Nedbank Boxer ,Bank ,Hoosen Haffjee ,AlwaysOn,63,,,
662,Pietermaritzburg ,Nedbank Boxer ,Bank ,Henrietta Street ,AlwaysOn,64,,,
663,Pietermaritzburg ,Nedbank ,Bank,28 Blackburrow Rd,AlwaysOn,65,,,
666,Pietermaritzburg ,Nino's Café,Liberty Midlands Mall ,50 Sanctuary Road ,AlwaysOn,66,,,
689,Pietermaritzburg ,Stay Easy ,Hotel,Sanctuary Road ,AlwaysOn,67,,,
709,Pietermaritzburg ,Wimpy ,Liberty Midlands Mall ,50 Sanctuary Road ,AlwaysOn,68,,,
711,Pietermaritzburg ,Wimpy ,Hayfields Mall,28 Blackburrow Rd,AlwaysOn,69,30 mins ,,
713,Pietermaritzburg ,Wimpy ,Restaurant ,Church Street ,AlwaysOn,70,,,
763,Port Shepstone ,Pitstop Restaurant and Pub ,Restaurant,Toucan Road,AlwaysOn,71,,,
765,Port Shepstone ,Wimpy,Restaurant,Aiken Street,AlwaysOn,72,,,
781,Richards Bay,Premier Hotel The Richards,Hotel,Hibberd Drive ,AlwaysOn,73,,,
787,Richards Bay ,Mugg & Bean ,Boardwalk Inkwazi Shopping Centre,Mark Strasse Street ,AlwaysOn,74,,,
790,Richards Bay ,Nedbank ,Bay Plaza ,Krugerrand Grove ,AlwaysOn,75,,,
796,Richards Bay ,Wimpy,Meerensee Mall,Krewelkring Road ,AlwaysOn,76,,,
814,Scottburgh,Nedbank ,Bank ,Scott Street ,AlwaysOn,77,,,
816,Scottburgh,Ninos,Scottburgh Mall,Adams Street,AlwaysOn,78,,,
820,Scottburgh,Wimpy  ,Scottburgh Mall,Adams Road,AlwaysOn,79,,,
833,Shelly Beach,Mugg & Bean ,South Coast Mall ,R61 and Izotsha Road ,AlwaysOn,80,,,
856,South Beach,Durban Spa ,Hotel,57 O R Tambo Parade,AlwaysOn,81,,,
907,Springfield Park ,Makro ,Store ,90 Umgeni Road ,AlwaysOn,82,,,
909,Springfield Park ,Nedbank ,Bank,Illala Avenue ,AlwaysOn,83,,,
917,Springfield Park ,Wimpy  ,Value Centre ,45 Electron Avenue ,AlwaysOn,84,,,
919,Springfield Park ,Yiroll Caffe ,Restaurant,Illala Avenue ,AlwaysOn,85,,,
921,St Lucia,John Dorys ,Restaurant,166 McKenzie Street ,AlwaysOn,86,,,
925,Stanger ,KFC ,Restaurant,Hulett Street ,AlwaysOn,87,,,
927,Stanger ,Nedbank ,Bank,Stanger Plaza ,AlwaysOn,88,,,
936,Sydenham ,Wimpy  ,Restaurant ,Moses Kotane Road ,AlwaysOn,89,,,
965,The Bluff ,Wimpy  ,Bluff Towers ,318 Tara Road ,AlwaysOn,90,30mins ,Uncapped ,
972,Ulundi,Nedbank,Bank,King Dinuzulu Highway ,AlwaysOn,91,,,
975,Ulundi ,Garden Court Ulundi,Hotel ,Prince Mkabayi Street,AlwaysOn,92,,,
991,Umbilo ,Wimpy  ,Restaurant ,Weston Road ,AlwaysOn,93,,,
996,Umhlanga,Aha Royal Palm ,Hotel,10 Palm Boulevard ,AlwaysOn,94,,,
997,Umhlanga,Allan Gray,Financial Services ,Ridgeside Drive ,AlwaysOn,95,,,
998,Umhlanga,Cabana Beach,Beach,Lagoon Drive,AlwaysOn,96,,,
1000,Umhlanga,Fego Café ,Gateway Theatre of Shopping,1 Palm Boulevard ,AlwaysOn,97,,,
1002,Umhlanga,Ninos,Gateway Theatre of Shopping,1 Palm Boulevard ,AlwaysOn,98,,,
1004,Umhlanga ,Umhlanga Sands Resort ,Hotel,44 Lagoon Drive ,AlwaysOn,99,,,
1007,Umhlanga ,Alexander Forbes ,Financial Services ,Somerset Park ,AlwaysOn,100,,,
1023,Umhlanga ,Gateway Private Hospital,Hospital,Aurora Drive  ,AlwaysOn,101,,,
1042,Umhlanga ,Liberty Life,Financial Services ,Aurora Drive 6 ,AlwaysOn,102,,,
1045,Umhlanga ,McDonalds ,Restaurant,Umhlanga Rocks Drive ,AlwaysOn,103,,,
1065,Umhlanga ,Vida e Caffe ,Restaurant,Umhlanga Rocks Drive ,AlwaysOn,104,,,
1067,Umhlanga ,Wimpy,Cabana Beach,10 Lagoon Drive,AlwaysOn,105,,,
1077,Umhlanga Ridge ,ABSA ,Financial Services ,1 Palm Boulevard ,AlwaysOn,106,,,
1097,Umhlanga Ridge ,KFC,Gateway Theatre of Shopping,1 Palm Boulevard ,AlwaysOn,107,,,
1099,Umhlanga Ridge ,Mugg & Bean ,Gateway Theatre of Shopping,1 Palm Boulevard ,AlwaysOn,108,,,
1101,Umhlanga Ridge ,Nedbank ,Gateway Theatre of Shopping,1 Palm Boulevard ,AlwaysOn,109,,,
1110,Umhlanga Ridge ,Wimpy,Crescent Shopping Centre ,1 Sunset Court ,AlwaysOn,110,,,
1114,Umhlanga Ridge ,Audi Centre Durban,Car Dealership ,Bram Fisher Road ,AlwaysOn,111,,,
1116,Umhlanga Ridge ,McCarthy VW,Car Dealership ,Zenith Drive ,AlwaysOn,112,,,
1118,Umhlanga Rocks,Velo Tech ,Car Accessories Shop,Lagoon Drive,AlwaysOn,113,,,
1131,Umlazi ,Nedbank ,Bank,Griffiths Mxenge Highway ,AlwaysOn,114,,,
1137,Umthunzi,Umthunzi Boutique Hotel,Hotel ,60 Commercial Road ,AlwaysOn,115,,,
1138,Umzimkulu,Nedbank Boxer ,Store ,228 Court House Road ,AlwaysOn,116,,,
1145,Verulam ,Nedbank ,Bank,Wick Street,AlwaysOn,117,,,
1150,Volksrust ,Wimpy ,Restaurant ,Laingsnek Street,AlwaysOn,118,,,
1160,Vryheid ,Nedbank Boxer ,Store ,Kerk Street ,AlwaysOn,119,,,
1168,Vryheid ,Wimpy ,Restaurant ,Hoog Street ,AlwaysOn,120,,,
1196,Westville ,Ninos,Westwood Shopping Centre ,16 Lincon Terrace ,AlwaysOn,121,,,
1208,Westville ,Wimpy  ,Westwood Shopping Centre ,16 Lincon Terrace ,AlwaysOn,122,,,
1211,Westville ,Zanzibar ,Westwood Shopping Centre ,16 Lincon Terrace ,AlwaysOn,123,Unlimited ,30MB ,
428,Morningside ,Embury House Taining Centre ,Training Centre ,119 Lilian Ngoyi Road ,Internet ,1,,,
467,Musgrave ,Mugg & Bean ,Musgrave Shopping Centre ,115 Musgrave Road ,Internet ,2,,,
908,Springfield Park ,Nandos ,Umgeni Road ,53 Intersite Avenue ,Internet ,3,,,
1098,Umhlanga Ridge ,Mugg & Bean ,East Coast Radio House ,313-315 Umhlanga Rocks Dr,Internet ,4,,,
1189,Westville ,Mugg & Bean ,Pavillion Shopping Centre ,9 Spine Road ,Internet ,5,,,
1,Amanzintoti,Access1-toti-elgro-ispot.co.za,Flats,37 Worlds View Close ,iSpot ,1,,,
5,Amanzintoti,iSpot Southgate Amanzimtoti 1,,"Southgate, Amanzintoti ",iSpot ,2,,,
16,Amanzintoti,Toti-agh-ppc-stellamaris-ispot.co.za,Hotel,73 Beach Road,iSpot ,3,,,
17,Amanzintoti,Toti-stm-ppc-stellamaris-ispot.co.za,Hotel,73 Beach Road,iSpot ,4,,,
18,Amanzintoti,Troubadour Coffee Shop,Restaurant,2 Abelia Road ,iSpot ,5,,,
20,Avoca Hills,Dbn-avoca-granite-ispot.co.za,,Granite Grove ,iSpot ,6,,,
21,Avoca Hills,iSpot Avoca Hills Pomegranate,,Pomegranate Road,iSpot ,7,,,
22,Ballito ,Canelands Beach Club ,Hotel ,2 Shrimp Lane ,iSpot ,8,,,
23,Ballito ,Cinnamon And Silk Ballito,Restaurant ,5 Douglas Crowe Drive ,iSpot ,9,,,
33,Ballito ,Piccadeli-Ballito Hotspot,Restaurant,Ballito Junction Dolphin Coast ,iSpot ,10,,,
43,Beachwood ,Fairway Guest House,Hotel ,118 Fairway Road ,iSpot ,11,,,
44,Beachwood ,Fairway Guest House Hotspot,Hotel ,118 Fairway Road ,iSpot ,12,,,
55,Berea ,iSpot Hotspot SilverVause GW,,Vause Road ,iSpot ,13,,,
66,Berea ,Sicas Guest House - Main,Hotel,19 Owen Avenue,iSpot ,14,,,
67,Berea ,Sicas Guest House - The Loft MT,Hotel,35 Tighard Avenue ,iSpot ,15,,,
84,Chatsworth,Take n Pay Chatsworth,Store ,47 Business Square ,iSpot ,16,,,
102,Durabn,Waterfront1,Hotel ,40 Mahatma Gandhi Road,iSpot ,17,,,
103,Durban,Accept Internet Cafe,Internet Café ,,iSpot ,18,,,
105,Durban,New Riviera Hotspot,Hotel,127 Margaret Mncadi Ave,iSpot ,19,,,
156,Durban ,Beach Hotel Internet,-,Marine Parade,iSpot ,20,,,
157,Durban ,Gourmet Grill,Restaurant ,-,iSpot ,21,,,
158,Durban ,Speedinet Hotspot 1,Internet Services,15 Monty Naicker Street ,iSpot ,22,,,
159,Durban ,Tekweni BP,Back Packers Hostel,169 Nineth Avenue ,iSpot ,23,,,
160,Durban ,Gooderson Tropicana MT,Hotel,85 O R Tambo Parade,iSpot ,24,,,
161,Durban ,Wimpy,Restaurant,137 Lower Marine Parade ,iSpot ,25,,,
162,Durban ,West Street Internet,Internet Services,West Street ,iSpot ,26,,,
163,Durban North ,Access-1-dbn-nrt-ken-poe-ispot.co.za,,Kenneth Kaunda Road ,iSpot ,27,,,
171,Durban North ,iSpot Base Broadway,,"Broadway, Durban North ",iSpot ,28,,,
184,Durban North ,Shell Garage Carwash Hotspot,Carwash,19 Waterkant Road ,iSpot ,29,,,
185,Durban North ,Vida e cafe,Restaurant ,19 Waterkant Road ,iSpot ,30,,,
305,Kloof ,Dbn-kloof-haygarth-ispot.co.za,,Haygarth Road,iSpot ,31,,,
306,Kloof ,Dbn-kloof-haygarth-ispot.co.za,,Haygarth Road,iSpot ,32,,,
309,Kloof ,Kloof (Haygarth),,Haygarth Road,iSpot ,33,,,
312,Kloof ,Old1-dbn-kloof-haygarth-ispot.co.za,,Haygarth Road,iSpot ,34,,,
327,KwaMashu,Access1-brdg-city-kwm-ispot.co.za,Bridge City Centre ,Station Road ,iSpot ,35,,,
328,KwaMashu,Access1-kwm-mall-ispot.co.za,KwaMashu Mall ,300 Mandela Road ,iSpot ,36,,,
330,KwaMashu,iSpot Base Bridge City,Bridge City Centre ,Station Road ,iSpot ,37,,,
332,KwaMashu,Kwa Mashu Church,Church,Kwamashu ,iSpot ,38,,,
333,KwaMashu,Kwa Mashu Printers,Printing Service ,Kwamashu ,iSpot ,39,,,
334,KwaMashu,Kwamashu Printing Services MT,Printing Service ,Kwamashu ,iSpot ,40,,,
399,Melmoth,Golf View Lodge,Hotel ,33 AF Leitch Drive ,iSpot ,41,,,
420,Morningside ,Cappello Florida Road Hotspot,Restaurant ,Florida Road ,iSpot ,42,,,
425,Morningside ,Emakhosini Boutique Hotel WiFi,Hotel ,3 Lumsden Crescent ,iSpot ,43,,,
426,Morningside ,Emakhosini East Hotel - Downstairs,Hotel ,3 Lumsden Crescent ,iSpot ,44,,,
427,Morningside ,Emakhosini East WiFi Reception,Hotel ,3 Lumsden Crescent ,iSpot ,45,,,
450,Morningside ,Upton Hall,Hotel ,16 Eastbourne Road,iSpot ,46,,,
466,Musgrave ,Mesami Hotel,Hotel ,Currie Road,iSpot ,47,,,
470,Musgrave ,Sicas Guest House - Musgrave,Hotel,27 Winter Avenue,iSpot ,48,,,
515,Newlands ,Newlands East Academy of Learning,Training Centre ,Newlands East,iSpot ,49,,,
517,Newlands ,Sabertech Newlands West MT,,73 Seabass Road,iSpot ,50,,,
537,North Beach,Ushaka Marine World ,Resort,North Beach ,iSpot ,51,,,
557,Phoenix ,Access-1-pnx-longcroft-ispot.co.za,,Longcroft Road,iSpot ,52,,,
561,Phoenix ,Dbn-phnx-cotford-ispot.co.za,,Cotford Place ,iSpot ,53,,,
567,Phoenix ,iSpot Hotspot South Gate Phoenix,,"Southgate, Phoenix",iSpot ,54,,,
572,Phoenix ,Longcroft,,"Longcroft, Phoenix ",iSpot ,55,,,
580,Phoenix ,Southgate,,"Southgate, Phoenix",iSpot ,56,,,
581,Phoenix ,SouthGate Phoenix-OLD,,"Southgate, Phoenix",iSpot ,57,,,
611,Pietermaritzburg ,Garden City Motors ,Car Dealership ,Sanctuary Road ,iSpot ,58,,,
735,Pinetown ,Mercedes Benz ,Car Dealership ,10 Hagart Road,iSpot ,59,,,
807,Riverhorse Valley,Teraco-dbn-dynamic-access-gw-ispot.co.za,Data Centre,Riverhorse Close ,iSpot ,60,,,
808,Riverhorse Valley,Teraco-dbn-msan-1-ispot.co.za,Data Centre,Riverhorse Close ,iSpot ,61,,,
809,Riverhorse Valley,Teraco-dbn-msan-2-ispot.co.za,Data Centre,Riverhorse Close ,iSpot ,62,,,
811,Rossburgh,Steers Edwin Swales,Restaurant,266 Solomon Mahlangu Drive ,iSpot ,63,,,
845,Silver Sands ,iSpot Hotspot Silver Sands 1,Hotel ,16 Erskine Terrace ,iSpot ,64,,,
846,Silver Sands ,Silver Sands 1-2-MT,Hotel,16 Erskine Terrace ,iSpot ,65,,,
847,Silver Sands ,Silver Sands 3,Hotel,17 Erskine Terrace ,iSpot ,66,,,
848,Silver Sands ,Silver Tides,Hotel,481 Marine Drive ,iSpot ,67,,,
862,South Beach,iSpot Base Southgate Two,,"Southgate, South Beach ",iSpot ,68,,,
893,South Coast ,Union Motors Lowveld CV,Car Dealership ,494 Izotsha Road ,iSpot ,69,,,
894,South Coast ,Union Motors Lowveld PC,Car Dealership ,990 Marine Drive ,iSpot ,70,,,
895,South Coast ,Union Motors South Coast Commercial,Car Dealership ,494 Izotsha Road ,iSpot ,71,,,
896,South Coast ,Union Motors South Coast Passenger,Car Dealership ,990 Marine Drive ,iSpot ,72,,,
899,Springfield Park ,Engen 1 Stop,Garage ,Inanda Road,iSpot ,73,,,
953,The Bluff ,Ansteys Beach Backpackers,Beach ,Foreshore Drive ,iSpot ,74,,,
954,The Bluff ,Ansteys Beach Backpackers WiFi,Beach ,Foreshore Drive ,iSpot ,75,,,
955,The Bluff ,Ansteys Beach Backpackers WiFi2,Beach ,Foreshore Drive ,iSpot ,76,,,
956,The Bluff ,iSpot Hotspot Ridgeton Towers,,Aurora Drive  ,iSpot ,77,,,
970,Tongaat ,Tongaat Central,,Tongaat CBD,iSpot ,78,,,
1006,Umhlanga ,Access-1-umh-auroras-la-ispot.co.za,,Aurora Drive,iSpot ,79,,,
1009,Umhlanga ,Balmoral Guest House,Hotel ,63 Balmoral Drive ,iSpot ,80,,,
1015,Umhlanga ,Dbn-umh-chartwell-ispot.co.za,,Chartwell Drive ,iSpot ,81,,,
1016,Umhlanga ,DVD.COM-Umhlanga,Chartwell Shopping Centre ,15 Chartwell Drive ,iSpot ,82,,,
1018,Umhlanga ,Fleetwood,Hotel ,50 Lagoon Drive ,iSpot ,83,,,
1019,Umhlanga ,Fleetwood on Sea Internet,Hotel ,50 Lagoon Drive ,iSpot ,84,,,
1021,Umhlanga ,FujiFilm Print Centre,Store ,187 Ridge Road ,iSpot ,85,,,
1029,Umhlanga ,iSpot Easiaccess West Palm Gateway,Gateway Theatre of Shopping,1 Palm Boulevard ,iSpot ,86,,,
1030,Umhlanga ,iSpot Hotspot Auroras,,Aurora Drive  ,iSpot ,87,,,
1031,Umhlanga ,iSpot Hotspot SouthGate,,"Southgate, South Beach ",iSpot ,88,,,
1032,Umhlanga ,iSpot Hotspot Southgate 115R,,"Southgate, South Beach ",iSpot ,89,,,
1033,Umhlanga ,iSpot Hotspot Southgate SG2,,"Southgate, South Beach ",iSpot ,90,,,
1034,Umhlanga ,iSpot Hotspot Twilight,,Twighlight Drive,iSpot ,91,,,
1035,Umhlanga ,Tiger Wheel and Tyre ,Car Accessories ,Twighlight Drive,iSpot ,92,,,
1036,Umhlanga ,iSpot PPTP01 SouthGate,,"Southgate, South Beach ",iSpot ,93,,,
1047,Umhlanga ,Mercedes Benz Umhlanga ,Car Dealership ,2 Canegate Road ,iSpot ,94,,,
1048,Umhlanga ,MetroFi Free WiFi @ Pizza Boys Umh,Restaurant,Aurora Drive,iSpot ,95,,,
1049,Umhlanga ,Mitsubishi ,Car Dealership ,2 Canegate Road ,iSpot ,96,,,
1053,Umhlanga ,Pizza Boyz Umh,Restaurant,Aurora Drive,iSpot ,97,,,
1055,Umhlanga ,Public Hotspot @ Gloria Jeans,Restaurant,30 Meridian Drive ,iSpot ,98,,,
1070,Umhlanga Ridge ,#12th Floor Gateway ,Gateway Theatre of Shopping,1 Palm Boulevard ,iSpot ,99,,,
1071,Umhlanga Ridge ,#14 GateWay Student Hotspot,Gateway Theatre of Shopping,1 Palm Boulevard ,iSpot ,100,,,
1072,Umhlanga Ridge ,#16 GateWay Student Hotspot,Gateway Theatre of Shopping,1 Palm Boulevard ,iSpot ,101,,,
1073,Umhlanga Ridge ,#21 Gateway Student Hotspot,Gateway Theatre of Shopping,1 Palm Boulevard ,iSpot ,102,,,
1074,Umhlanga Ridge ,#30 GateWay Student Hotspot,Gateway Theatre of Shopping,1 Palm Boulevard ,iSpot ,103,,,
1075,Umhlanga Ridge ,@03 Gateway Student Hotspot,Gateway Theatre of Shopping,1 Palm Boulevard ,iSpot ,104,,,
1076,Umhlanga Ridge ,@06 GateWayHotspot,Gateway Theatre of Shopping,1 Palm Boulevard ,iSpot ,105,,,
1086,Umhlanga Ridge ,Gateway 12th Floor,Gateway Theatre of Shopping,1 Palm Boulevard ,iSpot ,106,,,
1087,Umhlanga Ridge ,Gateway Centre,Gateway Theatre of Shopping,1 Palm Boulevard ,iSpot ,107,,,
1088,Umhlanga Ridge ,Gateway Centre 2,Gateway Theatre of Shopping,1 Palm Boulevard ,iSpot ,108,,,
1089,Umhlanga Ridge ,Gateway Country Lodge Hotspot,Gateway Theatre of Shopping,1 Palm Boulevard ,iSpot ,109,,,
1090,Umhlanga Ridge ,Gateway Country Lodge Hotspot 2,Gateway Theatre of Shopping,1 Palm Boulevard ,iSpot ,110,,,
1140,Verulam ,Access1-sunlark-verulam-ispot.co.za,,Sunlark Drive ,iSpot ,111,,,
1142,Verulam ,iSpot Hotspot Sunlark - Verulam,,Sunlark Drive ,iSpot ,112,,,
1143,Verulam ,iSpot Hotspot Tirupaty,Religious Organisation ,128 Belvedere Drive,iSpot ,113,,,
1212,Westwood ,Papparotis Cafe Westwood,Restaurant ,16 Lincon Terrace ,iSpot ,114,,,
,Area,Place ,Description/Mall/Centre ,Address,Provider,,Time Limit,Data Capacity ,Extra Charges 
78,Cato Manor ,Inkosi Albert Luthuli Central Hospital,Hospital,800 Bellair Road,Public Access ,1,,,
80,Chatsworth,Chatsworth Fragrance Market,Market,12 Fragrance Street ,Public Access ,2,,,
90,Chesterville ,Chesterville Regional Office ,Office ,Off Wiggins Road ,Public Access ,3,,,
92,Clermont ,Clermont Library ,Library ,59 Zazi Road ,Public Access ,4,,,
106,Durban ,Adams Mission Library ,Library ,D995 Sheleni Road ,Public Access ,5,,,
116,Durban ,Durban City Hall ,City Hall ,Anton Lembede Street ,Public Access ,6,,,
120,Durban ,Gugu Dlamini Park ,Park,Samora Micheal Street ,Public Access ,7,,,
138,Durban ,Medwood Gardens ,Gardens ,Monty Naicker Street ,Public Access ,8,,,
152,Durban ,Uminini Regional Centre,Office,Danganya on R102 ,Public Access ,9,,,
177,Durban North ,North Beach,Beach ,North Beach ,Public Access ,10,,,
178,Durban North ,North Beach Tourism ,Beach ,North Beach ,Public Access ,11,,,
223,Fredville,Fredville Regional Office ,Office ,Michael Gwala Community Centre,Public Access ,12,,,
291,Inanda ,Inanda Seminary Scholl,Girls School,M25 4310 KaWolowolo,Public Access ,13,,,
303,Kingsburgh,Kingsburgh Regional Office ,Office ,11 Mayors Mews,Public Access ,14,,,
359,La Mercy ,King Shaka International Airport ,King Shaka Airport,King Shaka Drive ,Public Access ,15,,,
375,Lamontville ,Lamontville Library ,Library,110 Mlongo Drive ,Public Access ,16,,,
431,Morningside ,Florida Road Tourism ,Tourism Office ,Florida Road ,Public Access ,17,,,
462,Musgrave ,Botanical Gardens ,Gardens ,70 St Thomas Street ,Public Access ,18,,,
563,Phoenix ,Ghandi Settlement,Settlement,120518 Bhambayi ,Public Access ,19,,,
575,Phoenix ,Phoenix Fire Station,Fire Station,150S S 12th Street ,Public Access ,20,,,
722,Pinetown ,Civic Centre ,Civic Centre ,60 Kings Road ,Public Access ,21,,,
739,Pinetown ,Nagina Clinic ,Clinic ,1 Soni Street,Public Access ,22,,,
1134,Umlazi ,Umlazi AA Library,Library ,Ngcede Grove,Public Access ,23,,,
1135,Umlazi ,Umlazi W Library,Library ,162 Zwe Madlala Drive ,Public Access ,24,,,
1149,Verulam ,Verulam Regional Office ,Office ,151 Wick Street ,Public Access ,25,,,
1186,Westville ,KwaDabeka Library ,Library ,Spine Road ,Public Access ,26,,,
3,Amanzintoti,Caltex Freshstop ,Garage ,34 Kingsway Road,Telkom,1,,,
4,Amanzintoti,Fresh Stop Toti Oasis ,Garage ,458 Andrew Zondo Road ,Telkom,2,,,
28,Ballito ,KFC ,Restaurant,9 Drive Inn Road ,Telkom,3,,,
39,Ballito ,Tyre Track ,Car Accessories Shop,3581 Nandi Mthembu Drive ,Telkom,4,,,
45,Bellair,Bellair Hotel ,Hotel,956 Sarnia Road ,Telkom,5,,,
46,Bellair,Bellair Medical Centre,Hospital,251 Wakesleigh Road ,Telkom,6,,,
47,Berea ,Barcelos ,Restaurant ,134 Steve Biko Road ,Telkom,7,,,
48,Berea ,Berea Hair Studio ,Hair Salon ,Berea Road ,Telkom,8,,,
51,Berea ,Destiny Beauty Parlour and Laundromat,Beauty and Laundry ,198 Berea Road ,Telkom,9,,,
52,Berea ,Durban Curry House ,Restaurant ,288-290 Matthews Meyiwa Road ,Telkom,10,,,
57,Berea ,KFC ,Restaurant,171 Berea Road ,Telkom,11,,,
58,Berea ,KFC ,Berea Shopping Centre,257 Berea Road ,Telkom,12,,,
71,Berea ,Zig Zag,Berea Shopping Centre ,Berea Road ,Telkom,13,,,
72,Bergville ,Tyremart,Car Accessories ,41 Broadway Street ,Telkom,14,,,
74,Botha's Hill,Gonglok Restaurant,Restaurant ,63 Old Main Road ,Telkom,15,,,
79,Cato Ridge ,Engen 1 Stop ,Garage ,N3 National Road,Telkom,16,,,
98,Dundee ,Fish and Chips Co ,Restaurant ,27 Oldacre Street,Telkom,17,,,
107,Durban ,Budget Car Rental,Car Rental,108 Bram Fisher Road ,Telkom,18,,,
108,Durban ,Butterworth Hotel,Hotel,15 Field Street ,Telkom,19,,,
109,Durban ,Café Gossip ,Restaurant ,3 Aliwal Street ,Telkom,20,,,
110,Durban ,Café Valentino ,Marine on Point ,Browns Road ,Telkom,21,,,
111,Durban ,Charlys Pub,Pub,102 Victoria EMR ,Telkom,22,,,
113,Durban ,Cominettos Purple ,Restaurant ,Monty Naicker Street ,Telkom,23,,,
114,Durban ,Debonairs,Restaurant ,140 Joe Slovo Street ,Telkom,24,,,
115,Durban ,Debonairs,Restaurant ,192 Grey Street,Telkom,25,,,
118,Durban ,Famegos ,Restaurant ,18 Boatmans Road,Telkom,26,,,
126,Durban ,IJH Dental,Dentist ,36 Bertha Mkhisze Street ,Telkom,27,,,
127,Durban ,KFC ,Restaurant,Ushaka Marine World,Telkom,28,,,
164,Durban North ,Adega ,Restaurant ,534 Peter Mokaba Street ,Telkom,29,,,
165,Durban North ,Alans Hair Dressers ,Kensignton Square,53 Adelaid Tambo Drive ,Telkom,30,,,
166,Durban North ,Bargin Wheel and Tyre ,Car Accessories Shop,425 Umgeni Road ,Telkom,31,,,
167,Durban North ,Bombay Blue ,Astra Centre ,16 Swap Road ,Telkom,32,,,
168,Durban North ,Continental Butcher Baker Deli,Butchery,171 Sandile Thusi Road ,Telkom,33,,,
169,Durban North ,Debonairs ,Restaurant ,2 Royal Palm Avenue ,Telkom,34,,,
172,Durban North ,KFC ,Northway Shopping Centre,17 Northway Drive ,Telkom,35,,,
195,Durban South ,Ultimate Autocare Car Wash ,Car Wash ,371 Stella Road ,Telkom,36,,,
196,Empangeni ,Debonairs ,Wyetts Centre ,108 Rex Henderson Drive,Telkom,37,,,
197,Empangeni ,Fishaways ,Fiveways Mall,Rex Hanserson Avenue ,Telkom,38,,,
203,Escourt ,Barcelos,Restaurant ,167 Albert Street,Telkom,39,,,
204,Escourt ,Budget Car Rental ,Car Rental,1 Ntabammhlope Road,Telkom,40,,,
205,Escourt ,Engen 1 Stop ,Garage ,Old Main Road,Telkom,41,,,
206,Escourt ,Honchos,Restaurant ,180 Albert Street ,Telkom,42,,,
213,Eshowe ,Hungry Lion ,Restaurant,1 Osborne Road,Telkom,43,,,
219,Eshowe ,Tyre Mart ,Car Accessories Shop,27 Mango Sutho Buthelezi Drive,Telkom,44,,,
221,Essenwood,Damelin,Training Centre ,92 Overport Drive,Telkom,45,,,
222,eThekwini ,Chicken Licken,Phoenix Plaza ,"19 Parthenon Street, Shop 44",Telkom,46,,,
228,Glenashley ,Comics ,The Corner ,40 Newport Avenue,Telkom,47,,,
232,Glenmore ,KFC ,Restaurant,233 Francios Road ,Telkom,48,,,
234,Glenwood,BL Hair Designs ,Hair Salon ,77 Helen Joseph Road ,Telkom,49,,,
235,Glenwood,Debonairs ,Restaurant ,316 Queenmary Avenue ,Telkom,50,,,
239,Greytown,KFC,Restaurant ,Cnr Bell and Sergesnt Street ,Telkom,51,,,
242,Greyville ,Ascot Park Hospital ,Hospital ,3 Ascot Street ,Telkom,52,,,
243,Greyville ,Ayoba Bed and Breakfast,Hotel,38 Beatruce Street ,Telkom,53,,,
244,Greyville ,City Hospital,Hospital ,83 Lome Street ,Telkom,54,,,
245,Greyville ,Cuba Lounge ,Bar ,44 Isaiah Ntshangase Road ,Telkom,55,,,
246,Greyville ,Durban Girls Secondary School ,High School ,3331 Gladys Manzi Road ,telkom,56,,,
247,Greyville ,Gandhi Mandela Nursing Academy ,Training Centre ,52 Lome Street ,Telkom,57,,,
250,Greyville ,KFC ,Restaurant ,Stamford Hill Road ,Telkom,58,,,
259,Hammersdale ,Debonairs & Fishaways ,Hammersdale Junction ,A33 and Kunene Road ,Telkom,59,,,
260,Hammersdale ,Gladina Coffee Shop ,Restaurant ,Anderson Road ,Telkom,60,,,
262,Hillcrest ,Boys 2 Men Barbers ,Hair Salon ,6 Delamore Road ,Telkom,61,,,
264,Hillcrest ,Caltex Freshstop ,Garage ,15 Old Main Road ,Telkom,62,,,
265,Hillcrest ,Debonairs ,Restaurant ,37 Rowles Avenue ,Telkom,63,,,
266,Hillcrest ,Fawncastle Estate ,Estate ,34 Mill Road,Telkom,64,,,
270,Hillcrest ,KFC ,N3 Complex ,Corner Old Main Road ,Telkom,65,,,
285,Howick,Moffatt Optical ,Eye Specialist ,148 Old Main Road ,Telkom,66,,,
288,Howick,Rage Fashion ,Clothing ,45 Main Road ,Telkom,67,,,
289,Howick,Supa Quick ,Car Accessories ,36 Main Road ,Telkom,68,,,
292,Isipingo ,Isipingo Hospital ,Hospital ,162 Old Main Road ,Telkom,69,,,
293,Isipingo ,JJs House of Curries ,Allys Centre ,7 Old Main Road ,Telkom,70,,,
298,Jacobs ,Caltex Freshstop ,Garage ,19 Brighton Road ,Telkom,71,,,
299,Jozini,Chesanyama ,Restaurant ,P44 Jozini Main Road ,Telkom,72,,,
302,Kingsburgh,Hair 2 Stay,Hair Salon ,4 Arraucaria Road,Telkom,73,,,
307,Kloof ,Em and Em Skin and Body ,Spa,72 Old Main Road ,Telkom,74,,,
308,Kloof ,KFC ,Restaurant,33 Village Road ,Telkom,75,,,
315,Kokstad,Glasfit ,Car Accessories Shop,2 Hope Street,Telkom,76,,,
322,Kokstad,Total Garage ,Garage ,Farm Ebute No 156,Telkom,77,,,
329,KwaMashu,Cya Salon ,Hair Salon ,P53 Bhetjane Road,Telkom,78,,,
345,La Lucia ,Caltex Freshstop ,Garage ,40 Forest Drive ,Telkom,79,,,
346,La Lucia ,Engen 1 Stop ,Garage ,47 Armstrong Avenue ,Telkom,80,,,
347,La Lucia ,Europa Food Emporium,Restaurant ,90 William Campbell Drive ,Telkom,81,,,
353,La Lucia ,Vida e Caffe ,Restaurant,90 William Campbell Drive ,Telkom,82,,,
365,Ladysmith,Angelique Beauty Boutique,Hair Salon ,63 Queen Street ,Telkom,83,,,
366,Ladysmith,Crown Hotel,Hotel,90 Murchison Street ,Telkom,84,,,
367,Ladysmith,Engen 1 Stop ,Garage ,Tugela 1 Stop North,Telkom,85,,,
368,Ladysmith,Guinea Fowl ,Restaurant ,Cnr Frank and Harrismith Road,Telkom,86,,,
371,Ladysmith,Ossies Tyres,Car Accessories ,17 Murchison Street,Telkom,87,,,
372,Ladysmith,Rage Fashion ,Clothing ,Cnr Keate and Alexander Street ,Telkom,88,,,
373,Ladysmith,Rage Fashion ,Clothing ,90 Murchison Street ,Telkom,89,,,
374,Ladysmith,The Food Palace ,Restaurant ,244 Murchison Street ,Telkom,90,,,
376,Madadeni ,Fish and Chips Co ,Restaurant ,P483 Road,Telkom,91,,,
377,Mandeni ,Total Garage ,Garage ,415 Main Road ,Telkom,92,,,
380,Margate ,Budget Car Rental,Car Rental,Margate Airport,Telkom,93,,,
381,Margate ,Budget Car Rental,Car Rental,2 Muchroom Lane ,telkom,94,,,
391,Marrion Hill,Tre Fontage Guest House ,Hotel ,1 Abbot Francis Street ,Telkom,95,,,
396,Mayville,Caltex Freshstop ,Garage ,13 Brickfield Road  ,Telkom,96,,,
398,Meerbank,KFC ,Restaurant,Raj Mal Road ,Telkom,97,,,
404,Merebank,Dr DK Pillay Surgery ,Doctors Office ,97 Warangal Road ,Telkom,98,,,
410,Mobeni ,Daytona Motors ,Car Accessories Shop,2052 Old South Coast Road ,Telkom,99,,,
414,Montclair,Wingate Service Station ,Garage ,174 Wingate Road ,Telkom,100,,,
418,Morningside ,Caltex Freshstop ,Garage ,Florida and Argyle Road ,Telkom,101,,,
419,Morningside ,Camelot International Beauty School,Beauty School,26 Chaceley Place ,Telkom,102,,,
422,Morningside ,Cocos on Florida,Restaurant ,28 Florida Road ,Telkom,103,,,
423,Morningside ,Coffee Break,City View ,Stamford Hill Road ,Telkom,104,,,
424,Morningside ,Eitz Café ,Restaurant ,127 Lilian Ngoyi Road ,Telkom,105,,,
432,Morningside ,Hi-Q,Car Accessories Shop,441 Umgeni Road ,Telkom,106,,,
433,Morningside ,Hubcaps Woodfire Pizza ,Restaurant ,118 Cowey Road ,Telkom,107,,,
451,Morningside ,Vintage Hotel,Hotel,32 & 34 Second Avenue ,Telkom,108,,,
456,Mt Edgecombe,Caltex Freshstop ,Garage ,34 Hillhead Drive ,Telkom,109,,,
457,Mt Edgecombe,Island Park Convenience Centre ,Convenience Store ,89 Flanders Drive ,Telkom,110,,,
476,Musgrave ,Unique Look Salon,Hair Salon ,121 Essenwood Road,Telkom,111,,,
478,New Germany ,Cheers Pub and Grill,Pub,69 Shepstone Road ,Telkom,112,,,
484,Newcastle ,Glasfit,Car Accessories ,15 Harding Street ,Telkom,113,,,
485,Newcastle ,Hungry Lion ,Restaurant ,Village Walk Shopping Centre ,Telkom,114,,,
486,Newcastle ,Jimmys Killer Grills,Restaurant ,26 Victoria Road,Telkom,115,,,
487,Newcastle ,John Dorys ,Restaurant ,26 Victoria Road,Telkom,116,,,
488,Newcastle ,Kwik Fit,Car Accessories ,23 Ayliff Street,Telkom,117,,,
489,Newcastle ,Little India Food Court,Restaurant ,72 Harding Street ,Telkom,118,,,
490,Newcastle ,McDonalds ,Restaurant ,Cnr Memmel and Volksrust Road,Telkom,119,,,
491,Newcastle ,Milky Lane,Restaurant ,26 Victoria Road,Telkom,120,,,
494,Newcastle ,Ossies Tyres,Car Accessories ,11 Bridger Street ,Telkom,121,,,
495,Newcastle ,Ossies Tyres,Car Accessories ,68 Allen Street ,Telkom,122,,,
496,Newcastle ,Papa Joes Bakery,Restaurant ,37 Allen Street ,Telkom,123,,,
497,Newcastle ,Powerflow E.H,Car Accessories ,7 Aylife Street ,Telkom,124,,,
498,Newcastle ,Rage Fashion ,Clothing ,Cnr Kirkland and Allen Street ,Telkom,125,,,
499,Newcastle ,Rage Fashion ,Clothing ,Cnr Kirkland and Allen Street ,Telkom,126,,,
500,Newcastle ,Rage Fashion ,Clothing ,26 Victoria Road,Telkom,127,,,
501,Newcastle ,Rage Fashion ,Clothing ,Cnr Oak and Ladysmith Road,Telkom,128,,,
502,Newcastle ,T S Chick and Fries,Restaurant ,20 Allen Street,Telkom,129,,,
503,Newcastle ,Telkom Direct Store ,Store ,26 Victoria Road,Telkom,130,,,
504,Newcastle ,Thre Fish and Chips ,Restaurant ,64 Allen Street,Telkom,131,,,
505,Newcastle ,Tiger Wheel and Tyre ,Car Accessories ,72 Allen Street,Telkom,132,,,
507,Newlands ,Caltex Freshstop ,Garage ,1 Loopwest Crescent ,Telkom,133,,,
509,Newlands ,Dr Mahendra Vasan Ravjee,Doctors Office ,21 Marbleray Drive ,Telkom,134,,,
518,Newlands ,Total Petroport ,Garage ,Musa Dladla Drive ,Telkom,135,,,
521,North Beach,Blue Island Pub and Diner ,Mangrove Beach Centre ,Playfair Road ,Telkom,136,,,
522,North Beach,Caltex Freshstop ,Garage ,Playfair Road ,Telkom,137,,,
523,North Beach,Curry Leaf ,uShaka Marine World ,1 Bell Street ,Telkom,138,,,
524,North Beach,Debonairs ,Restaurant ,139 Lower Marine Parade ,Telkom,139,,,
525,North Beach,Happy Chappy,Mangrove Beach Centre ,91 Samstu Road ,Telkom,140,,,
526,North Beach,Hyundai,Car Lot ,78 Sylvester Ntuli Road,Telkom,141,,,
527,North Beach,Irfaans Hair Salon ,Hair Salon ,91 Somtseu Road ,Telkom,142,,,
528,North Beach,John Dorys ,Suncoast Casino ,20 Battery Beach Road ,Telkom,143,,,
529,North Beach,KFC ,Restaurant,273 Umgeni Road ,Telkom,144,,,
538,North Beach,Vrushiks Vegetarian Foods ,Restaurant ,91 Somtseu Road ,Telkom,145,,,
543,Northway ,Comics ,Northway Shopping Centre ,17 Kenneth Kaundra Road ,Telkom,146,,,
552,Overport,Ultra Car Wash,Car Wash ,154 Brickfield Road ,Telkom,147,,,
553,Overport,VIP Hair Salon ,Hair Salon ,369 Brickfield Road ,Telkom,148,,,
558,Phoenix ,Anwars Nice & Spicy ,Whitehouse Shopping Centre ,3333 Chris Hani Road ,Telkom,149,,,
559,Phoenix ,Barcelos ,Tab Centre ,80 Pathenon Street ,Telkom,150,,,
560,Phoenix ,Chrysalis Hair and Beauty ,Hair Salon ,19 Pathenon Street ,Telkom,151,,,
562,Phoenix ,Ghana Professional Salon ,Whitehouse Shopping Centre ,Whitehouse Shopping Centre - Shop 204,Telkom,152,,,
566,Phoenix ,Hannaford Mags and Tyre ,Car Accessories Shop,14 Hannaford Drive ,Telkom,153,,,
586,Phoenix ,Vees Tyre and Alignment ,Car Accessories Shop,430 Longbury Drive ,Telkom,154,,,
587,Phoenix ,Vivians Alignment Centre ,Car Accessories Shop,29 Chartford Drive ,Telkom,155,,,
588,Phoenix ,Wimpy  ,Phoenix Plaza ,"19 Parthenon Street, Shop 42",Telkom,156,,30 MB,
591,Pietermaritzburg ,Action Sport,Sport Centre ,67 Haworth Road ,Telkom,157,,,
592,Pietermaritzburg ,Adega Express ,Restaurant ,Chota Motala Road ,Telkom,158,,,
593,Pietermaritzburg ,Athletic Stadium ,Sports Staduim ,Princess Margret Drive ,Telkom,159,,,
594,Pietermaritzburg ,Bangkok Wok ,Inveso Centre,16 Chatterton Road,Telkom,160,,,
595,Pietermaritzburg ,Boulder Creek Spur ,Liberty Midlands Mall ,50 Sanctuary Road ,Telkom,161,,,
596,Pietermaritzburg ,Budget Car Rental ,Pietermaritzburg Airport ,115 Oribi Road ,Telkom,162,,,
598,Pietermaritzburg ,Car & Home Audio Centre ,Raisethorpe Mall ,532 Chota Motala Road ,Telkom,163,,,
599,Pietermaritzburg ,City Car Wash and Take Aways ,Car Wash ,474 Jabu Ndlovu Street ,Telkom,164,,,
600,Pietermaritzburg ,Coconut Grove ,Restaurant ,426 Longmarket Street ,Telkom,165,,,
601,Pietermaritzburg ,Cubana ,Invesco Centre ,16 Chatterton Road ,Telkom,166,,,
602,Pietermaritzburg ,Debonairs ,Restaurant ,575 Chota Motala Road ,Telkom,167,,,
603,Pietermaritzburg ,Dr A Cassimjee ,Doctors Office ,420 Jabu Ndlovu Street ,Telkom,168,,,
604,Pietermaritzburg ,Dr AS Purmasir ,Doctors Office ,64 Baijoo Road ,Telkom,169,,,
605,Pietermaritzburg ,Dukwahs Pub and Grill ,Sports Bar ,21 Stella Road ,Telkom,170,,,
606,Pietermaritzburg ,Eddels Sports Club,Sports Bar ,74 Dartnell Road ,Telkom,171,,,
607,Pietermaritzburg ,Emilies House of Hair ,Inveso Centre,16 Chatterton Road ,Telkom,172,,,
609,Pietermaritzburg ,Essence Restaurant ,The Square ,4 Chatterton Road ,Telkom,173,,,
610,Pietermaritzburg ,Fushion Lounge ,Lounge ,686 Chota Motala Road ,Telkom,174,,,
612,Pietermaritzburg ,Glasfit,Car Accessories ,91 Pretoria Road ,Telkom,175,,,
614,Pietermaritzburg ,Hayfields Kwik Spar and Coffee Shop ,Grocery Store ,101 New England Road ,Telkom,176,,,
615,Pietermaritzburg ,Hi-Q Tyre ,Car Accessories ,171 Greyling Street ,Telkom,177,,,
616,Pietermaritzburg ,Hi-Q Tyre ,Car Accessories ,9 Armitage Road ,Telkom,178,,,
617,Pietermaritzburg ,Honchos ,Restaurant ,64 Alan Paton Drive ,Telkom,179,,,
618,Pietermaritzburg ,Honchos Laager Centre ,Laarger Centre ,88 Church Street ,Telkom,180,,,
619,Pietermaritzburg ,Hungry Lion ,Restaurant ,341 Church Street ,Telkom,181,,,
620,Pietermaritzburg ,Jayz Grill,Inveso Centre,16 Chatterton Road,Telkom,182,,,
621,Pietermaritzburg ,Jimmy Killer Prawns ,Inveso Centre,"16 Chatterton Rd, Shop 10",Telkom,183,,,
622,Pietermaritzburg ,Jimmy Killer Prawns and Chips,Northway Mall ,Chota Motala Road ,Telkom,184,,,
623,Pietermaritzburg ,Jitesh Gopal Physio ,Physio Thearapist ,262 Khan Road ,Telkom,185,,,
624,Pietermaritzburg ,John Dorys ,Liberty Midlands Mall ,50 Sanctuary Road ,Telkom,186,,,
625,Pietermaritzburg ,KD Salon ,Hair Salon ,124 Balhambra Way ,Telkom,187,,,
626,Pietermaritzburg ,KFC,Restaurant ,9 Armitage Road ,Telkom,188,,,
627,Pietermaritzburg ,KFC,Restaurant ,20 Endendale Road ,Telkom,189,,,
628,Pietermaritzburg ,KFC,Restaurant ,Cnr N3 and Old Greytown Road ,Telkom,190,,,
629,Pietermaritzburg ,KFC,Restaurant ,400 Church Street ,Telkom,191,,,
630,Pietermaritzburg ,KFC,Restaurant ,268 Langibalele Street ,Telkom,192,,,
631,Pietermaritzburg ,KFC,Restaurant ,68 Chief Albert Luthuli Street ,Telkom,193,,,
632,Pietermaritzburg ,KFC,Restaurant ,50 Sanctuary Road ,Telkom,194,,,
633,Pietermaritzburg ,KFC,Restaurant ,Cnr Oto Bluff and Old Greytown Road ,Telkom,195,,,
634,Pietermaritzburg ,KFC,Restaurant ,361 Church Street ,Telkom,196,,,
635,Pietermaritzburg ,KFC,Restaurant ,Church Street ,Telkom,197,,,
636,Pietermaritzburg ,KFC,Restaurant ,543 Chota Motala Street ,Telkom,198,,,
637,Pietermaritzburg ,KFC,Restaurant ,60 Durban Road ,Telkom,199,,,
638,Pietermaritzburg ,Khan Brothers Salon ,Hair Salon ,665 Chota Motala Road ,Telkom,200,,,
639,Pietermaritzburg ,Kick and Whistle Pub,Sports Bar ,10 Alan Paton Drive ,Telkom,201,,,
640,Pietermaritzburg ,Kubens Sports Bar and Pub ,Sports Bar ,4839 Khan Road ,Telkom,202,,,
641,Pietermaritzburg ,La Vita Restaurant,Inveso Centre,"16 Chatterton Rd, Shop 10",Telkom,203,,,
642,Pietermaritzburg ,Lady Essence Beauty Spa ,Spa,582 Chota Motala Road ,Telkom,204,,,
643,Pietermaritzburg ,Makro ,Store ,Camps Drift Road ,Telkom,205,,,
644,Pietermaritzburg ,McDonalds ,Restaurant ,Cnr Buger and Commercial Street ,Telkom,206,,,
646,Pietermaritzburg ,McDonalds ,Restaurant ,Victoria and Armitage Street ,Telkom,207,,,
647,Pietermaritzburg ,McDonalds ,Greater Edendale Mall,Mount Partridge Road ,Telkom,208,,,
648,Pietermaritzburg ,Medicross Medical ,Doctors Office ,28 Blackburrow Rd,Telkom,209,,,
649,Pietermaritzburg ,Midlands Shopping Centre ,Shopping Mall,50 Sanctuary Road ,Telkom,210,,,
650,Pietermaritzburg ,Moffatt Optical ,Eye Specialist ,232 Church Street ,Telkom,211,,,
651,Pietermaritzburg ,Moffatt Optical ,Eye Specialist ,28 Blackburrow Rd,Telkom,212,,,
654,Pietermaritzburg ,Nasreens Hair and Beauty ,Hair Salon ,690 Chota Motala Road ,Telkom,213,,,
664,Pietermaritzburg ,Nedbank ,Bank ,Main Road Howick ,Telkom,214,,,
667,Pietermaritzburg ,Northdale UFET Canteen ,FET College ,150 Balhambra Way ,Telkom,215,,,
668,Pietermaritzburg ,Panarotis ,Liberty Midlands Mall ,50 Sanctuary Road ,Telkom,216,,,
669,Pietermaritzburg ,Pie City ,Greater Edendale Mall,Moses Mabhida and Mount Partridge Road ,Telkom,217,,,
670,Pietermaritzburg ,Pie City ,Selgro Centre ,361 Church Street ,Telkom,218,,,
671,Pietermaritzburg ,Pie City ,Lockhad Centre ,133 Retief Street ,Telkom,219,,,
672,Pietermaritzburg ,Pie City ,Rhino Centre,420 Pietermaritz Street ,Telkom,220,,,
673,Pietermaritzburg ,Pizzology ,Restaurant ,120 Victoria Road ,Telkom,221,,,
674,Pietermaritzburg ,Poobie Naidoo Sports Bar ,Sports Bar ,450 Prince Alfred Street ,Telkom,222,,,
675,Pietermaritzburg ,Quality Carwash ,Car Wash ,50 Simeon Road ,Telkom,223,,,
676,Pietermaritzburg ,Quincy's Café and Restaurant ,Restaurant,157 Victoria Road ,Telkom,224,,,
677,Pietermaritzburg ,Rage Fashion ,Liberty Midlands Mall ,50 Sanctuary Road ,Telkom,225,,,
678,Pietermaritzburg ,Rage Fashion ,Greater Edendale Mall,Mount Partridge Road ,Telkom,226,,,
679,Pietermaritzburg ,Raisemed Dental,Dental Surgery ,532 Cholta Motala Road ,Telkom,227,,,
680,Pietermaritzburg ,RJ's PMB ,Inveso Centre,16 Chatterton Road ,Telkom,228,,,
681,Pietermaritzburg ,RocoMamas ,Scottsville Mall,60 Alan Paton Ave,Telkom,229,,,
682,Pietermaritzburg ,Rosehurst ,Restaurant ,239 Boom Street ,Telkom,230,,,
683,Pietermaritzburg ,SA Clinics ,Clinc ,301 Bulwer Street ,Telkom,231,,,
684,Pietermaritzburg ,Sagewood Café ,Restaurant ,97 Chatterton Road ,Telkom,232,,,
685,Pietermaritzburg ,Sasol Garage ,Garage ,7 Old Trafford Place ,Telkom,233,,,
686,Pietermaritzburg ,Silver Heights Secondary School ,High School ,110 Silver Road ,Telkom,234,,,
687,Pietermaritzburg ,Spur ,Liberty Midlands Mall ,50 Sanctuary Road ,Telkom,235,,,
688,Pietermaritzburg ,Spur ,Greater Edendale Mall,Mount Partridge Road ,Telkom,236,,,
690,Pietermaritzburg ,Steers ,Restaurant ,10 Alan Paton Drive ,Telkom,237,,,
691,Pietermaritzburg ,Steers ,Restaurant ,2 Chief Albert Luthuli Street ,Telkom,238,,,
692,Pietermaritzburg ,Supa Quick ,Car Accessories ,168 Greyling Street ,Telkom,239,,,
693,Pietermaritzburg ,Super Tyres ,Car Accessories ,257 Commercial Road ,Telkom,240,,,
694,Pietermaritzburg ,Swaadisht Foods ,Invesco Centre ,16 Chatterton Road ,Telkom,241,,,
695,Pietermaritzburg ,Swerve ,Pool Bar ,543 Old Greytown Road ,Telkom,242,,,
696,Pietermaritzburg ,Tatal Garage ,Garage ,Trelowney Road ,Telkom,243,,,
697,Pietermaritzburg ,Tatum Art Gallery ,Art Museum ,Chiel Alberlt Luthuli Street ,Telkom,244,,,
698,Pietermaritzburg ,Telkom Direct Store ,Store ,50 Sanctuary Road ,Telkom,245,,,
699,Pietermaritzburg ,Tea on 23 ,Restaurant ,23 Carbis Road ,Telkom,246,,,
700,Pietermaritzburg ,The Keg and HedgeHogs ,Pub,585 Town Bush Road,Telkom,247,,,
701,Pietermaritzburg ,The Mews Hair Studio ,Hair Salon ,88 Mayors Walk Road,Telkom,248,,,
702,Pietermaritzburg ,The Olympic Lounge ,Sports Bar ,5 Elsa Road ,Telkom,249,,,
703,Pietermaritzburg ,The Orient Scoops Icecream Palour,Restaurant ,4 Oldham Place ,Telkom,250,,,
704,Pietermaritzburg ,Tiger Wheel and Tyre ,Car Accessories ,80 Boshoff Street ,Telkom,251,,,
705,Pietermaritzburg ,Total Garage ,Garage ,15A Blackburrow Road ,Telkom,252,,,
706,Pietermaritzburg ,Tyre and Tube ,Car Accessories ,236 Greyling Street  ,Telkom,253,,,
707,Pietermaritzburg ,Wanderers Club,Function Room ,14 Aberfeldy Road ,Telkom,254,,,
708,Pietermaritzburg ,Wendys Hair Design ,Woodlands ,Community Hall Road ,Telkom,255,,,
714,Pietermaritzburg ,Wimpy ,Restaurant ,Main Road Howick ,Telkom,256,,,
715,Pietermaritzburg ,Woodlander Ex Students Sports Club ,Sports Bar ,110 Alandale Drive ,Telkom,257,,,
716,Pietermaritzburg ,XTLS Dreadlocks ,7th Eleven Centre ,Burger and Commercial Street ,Telkom,258,,,
717,Pinetown ,Action Sports ,Sports Centre ,29 Shepstone Road ,Telkom,259,,,
718,Pinetown ,Aroy Thai,Bartlett House ,50 Bartlett Road ,Telkom,260,,,
720,Pinetown ,Budget Car Rental,Car Rental,22 Chancery Lane ,Telkom,261,,,
721,Pinetown ,Caltex Freshstop ,Garage ,87 Old Main Road ,Telkom,262,,,
723,Pinetown ,Club Kenya ,Restaurant ,46 Bartlett Road ,Telkom,263,,,
724,Pinetown ,Crompton Coffee Shop and Take Away ,Restaurant ,79 Crompton Street ,Telkom,264,,,
725,Pinetown ,CTC Café ,Farningham Centre,28 Winston Churchill Drive ,Telkom,265,,,
726,Pinetown ,Everyones Choice Hair Salon ,Hair Salon ,24 Anderson Road ,Telkom,266,,,
727,Pinetown ,Fitness Master Gym,Gym,29 Hill Street,Telkom,267,,,
729,Pinetown ,Hi-Q,Car Accessories Shop,Henwood Road ,Telkom,268,,,
730,Pinetown ,Hungry Lion ,Restaurant,40/42 Hill Street ,Telkom,269,,,
732,Pinetown ,KFC ,Restaurant,10/12 Old Main Road ,Telkom,270,,,
757,Port Edward,Caltex Freshstop ,Garage ,Cnr R61 and Kinderstrand Road,Telkom,271,,,
759,Port Edward,Vanilla Café ,Ramsey Corner ,408 Ramsey Avenue ,Telkom,272,,,
768,Queensburgh ,Total Garage  ,Garage ,253 Piet Retief Street ,Telkom,273,,,
770,Red Hill,Action Sports ,Sports Centre ,80 Rinaldo Road ,Telkom,274,,,
771,Red Hill,Caltex Freshstop ,Garage ,838 Chri Hani Road ,Telkom,275,,,
772,Reservoir Hills ,Asoka Hotel,Hotel,175 Dunkeld Road ,Telkom,276,,,
773,Reservoir Hills ,Dr NB Maharaj,Doctors Office ,365 New Germany Road ,Telkom,277,,,
774,Reservoir Hills ,Dr T Govender Medical Practice ,Doctors Office ,610 Mountbatten Drive ,Telkom,278,,,
775,Reservoir Hills ,First Fitness Gym,Gym,365 New Germany Road ,Telkom,279,,,
776,Reservoir Hills ,KFC ,Restaurant,612 Mountbatten Drive ,Telkom,280,,,
783,Richards Bay ,Jacks on the Bay ,Quay Walk Tuzi Gazi Waterfront ,Pioneer Road ,Telkom,281,,,
798,Richards Bay ,Wimpy,Restaurant ,Premium Promenade ,Telkom,282,,,
810,Riverhorse Valley,TrenTyre ,Car Accessories Shop,33 Riverhorse Valley Road ,Telkom,283,,,
819,Scottburgh,Wimpy  ,Restaurant ,Scottburgh Mall ,Telkom,284,,,
822,Seaview ,Alez Sports Café ,Sports Bar,531 Sarnia Road ,Telkom,285,,,
823,Seaview ,Basswize Car Audio,Car Accessories Shop,528 Sarnia Road ,Telkom,286,,,
824,Seaview ,Hot Gossip Hair and Beauty ,Hair Salon ,27 Titren Road ,Telkom,287,,,
825,Seaview ,KFC ,Restaurant,27 Titren Road ,Telkom,288,,,
832,Shellcross ,Bobs Place Sports Bar ,Jamiaca Centre ,66 Olympia Street ,Telkom,289,,,
837,Shelly Beach,Tiger Wheel and Tyre ,Car Accessories Shop,53 Marine Drive ,Telkom,290,,,
839,Sherwood ,Al Sabah,-,928 Jan Smuts Street ,Telkom,291,,,
840,Sherwood ,Hyundai,Car Lot ,1134 Jan Smuts Highway ,Telkom,292,,,
842,Sherwood ,Zains Hair Salon,Hair Salon ,22 Mayfield Place ,Telkom,293,,,
843,Shongweni ,Durban Shongweni Club,-,14227 Summerveld Road ,telkom,294,,,
844,Shongweni ,Zenex,Garage ,7  Kassier Road ,Telkom,295,,,
849,South Beach,Best Wheel and Tyre ,Car Accessories Shop,171 Smith Street ,Telkom,296,,,
850,South Beach,Café Azneka ,Restaurant ,6 Durban Club Place ,Telkom,297,,,
851,South Beach,Captain Doregos ,Restaurant ,Monty Naicker Street ,Telkom,298,,,
852,South Beach,Debonairs ,Restaurant ,58 Field Street ,Telkom,299,,,
853,South Beach,Debonairs ,Restaurant ,Brickhill and West Street ,Telkom,300,,,
854,South Beach,Debonairs ,Restaurant ,455 Anton Lembede Street ,Telkom,301,,,
855,South Beach,Delicious African Dishes ,Restaurant ,45/47 West Street ,Telkom,302,,,
858,South Beach,Durdoc Clinic ,Clinic ,480 Anton Lembede Street ,Telkom,303,,,
859,South Beach,Fish and Chips ,Old Mutual Mall ,303 West Street ,Telkom,304,,,
860,South Beach,Galitos ,Restaurant ,55 Gillispie Street ,Telkom,305,,,
861,South Beach,Honchos,Restaurant ,83 Queen Street ,Telkom,306,,,
865,South Beach,KFC ,Restaurant,369 Smith Street ,Telkom,307,,,
866,South Beach,KFC ,Restaurant,99 Broad Street ,Telkom,308,,,
867,South Beach,KFC ,Restaurant,50 West Street ,Telkom,309,,,
868,South Beach,KFC ,Restaurant,551 Point Road ,Telkom,310,,,
869,South Beach,KFC ,Restaurant,351 West Sreet ,Telkom,311,,,
870,South Beach,KFC ,Restaurant,Commercial Road ,Telkom,312,,,
891,South Coast ,Hunters Rest Pub and Grill ,Restaurant ,Anerley Road ,Telkom,313,,,
902,Springfield Park ,Hubcaps Woodfire Pizza ,Restaurant ,47 Intersite Avenue ,Telkom,314,,,
903,Springfield Park ,Hyundai,Car Lot ,1 Royal Palm Avenue ,Telkom,315,,,
905,Springfield Park ,KFC ,Restaurant,62 Intersite Avenue ,Telkom,316,,,
922,Stanger ,Affordable Wheels and Tyres ,Car Accessories Shop,22 King Shaka Street ,Telkom,317,,,
924,Stanger ,Glasfit ,Car Accessories Shop,15 King Shaka Road ,Telkom,318,,,
937,The Bluff,Aroma Curries ,Bluff Towers ,318 Tara Road ,Telkom,319,,,
938,The Bluff,Bluff Tyres ,Car Accessories Shop,114 Bluff Road ,Telkom,320,,,
939,The Bluff,Brighton Beach Service Station ,Garage ,253 Marine Drive ,Telkom,321,,,
940,The Bluff,Cabash ,Restaurant ,194 Marine Drive ,Telkom,322,,,
941,The Bluff,Dolphin Rest Guesthouse ,Hotel,12 St Geran Grove ,Telkom,323,,,
942,The Bluff,Engine Brighton Beach Service Station ,Garage ,253 Marine Drive ,Telkom,324,,,
943,The Bluff,Exquisite Hair ,Hair Salon ,5 Atholl Crescent ,Telkom,325,,,
944,The Bluff,Fishaways ,Hillside Mall ,Greys Inn and Tara Road ,Telkom,326,,,
946,The Bluff,John Dorys ,The Bluff Towers ,318 Tara Road ,Telkom,327,,,
963,The Bluff ,Treasure Cove Guesthouse ,Hotel,981 Marine Drive ,Telkom,328,,,
967,Tongaat ,Budget Car Rental,Arbour Crossing ,2 Oppenheimer Road ,Telkom,329,,,
974,Ulundi ,Caltex Freshstop ,Garage ,Main (52) Road ,Telkom,330,,,
977,Umbilo ,Comics Foodbar ,Pub,Teignmouth Road ,Telkom,331,,,
978,Umbilo ,Fishaways ,Restaurant ,316 Queenmary Avenue ,Telkom,332,,,
982,Umbilo ,Hi-Q,Car Accessories Shop,HQ Moore Road,Telkom,333,,,
990,Umbilo ,Umbilo Tyre and Exhanust ,Car Accessories Shop,210 Umbilo Road ,Telkom,334,,,
1005,Umhlanga ,ABSA ,Financial Services ,313 Umhlanga Rocks Drive ,Telkom,335,,,
1010,Umhlanga ,Baywash Car Wash,Car Wash ,4 Lagoon Drive ,Telkom,336,,,
1011,Umhlanga ,BTW Restaurant ,Restaurant ,4 Lagoon Drive ,Telkom,337,,,
1012,Umhlanga ,Budget Car Rental,Hillcon Centre ,14 Chartwell Drive,Telkom,338,,,
1013,Umhlanga ,Butcher Block,Restaurant ,2 Ncondo Place,Telkom,339,,,
1014,Umhlanga ,Comme Ci Comme Ca ,Restaurant ,11 McCausland Crescent ,Telkom,340,,,
1020,Umhlanga ,Fresh Hair ,Chartwell Shopping Centre ,15 Chartwell Drive ,Telkom,341,,,
1022,Umhlanga ,Galitos ,Restaurant ,1/3 Jubilee Grove ,Telkom,342,,,
1025,Umhlanga ,Gateway Theatre of Shopping ,Gateway Theatre of Shopping,1 Palm Boulevard ,Telkom,343,,,
1038,Umhlanga ,J-Mos ,Gateway Theatre of Shopping,12 Palm Boulevard ,Telkom,344,,,
1040,Umhlanga ,KFC ,Restaurant,Gatemax Coastlands ,Telkom,345,,,
1041,Umhlanga ,KFC ,Restaurant,87 Umhlanga Rocks Drive ,Telkom,346,,,
1064,Umhlanga ,Tudor House Inn ,Hotel,195 Umhlanga Rocks Drive ,Telkom,347,,,
1078,Umhlanga Ridge ,Birdies and Pars ,Solstice Shopping Centre ,6 Zenith Drive ,Telkom,348,,,
1079,Umhlanga Ridge ,Breakers Resort ,Hotel,88 Lagoon Drive ,Telkom,349,,,
1080,Umhlanga Ridge ,Café Limone ,Gateway Theatre of Shopping,1 Palm Boulevard ,Telkom,350,,,
1081,Umhlanga Ridge ,Caltex Freshstop ,Garage ,5 Centenary Boulevard ,Telkom,351,,,
1082,Umhlanga Ridge ,Cell Care ,Hirchs Homestore ,3 Telford Circle ,Telkom,352,,,
1083,Umhlanga Ridge ,Chrysalis Hair and Beauty ,Hair Salon ,9 Palm Boulevard ,Telkom,353,,,
1084,Umhlanga Ridge ,Circus Circus ,Gateway Theatre of Shopping,1 Palm Boulevard ,Telkom,354,,,
1095,Umhlanga Ridge ,John Dorys ,Gateway Theatre of Shopping,1 Palm Boulevard ,Telkom,355,,,
1109,Umhlanga Ridge ,Umhlanga Medicross Medical ,Doctors Office ,321 Umhlanga Rocks Drive,Telkom,356,,,
1119,Umkinkulu,Jet,Clothing Shop ,155 National Road,Telkom,357,,,
1120,Umkomaas,Aliwal Inn and Crows Nest ,Hotel,7 Barrow Street ,Telkom,358,,,
1121,Umkomaas,Dr IM Shaikh ,Allys Centre ,Phila Ndwandwe Road ,Telkom,359,,,
1122,Umkomaas,Dr Yonus Moola ,Allys Centre ,Old Main Road ,Telkom,360,,,
1124,Umlazi ,Chicken Licken,Restaurant ,1968 Umlazi D KwaMnyandu Mall ,Telkom,361,,,
1125,Umlazi ,Debonairs ,Restaurant ,167 Echwebeni Avenue ,Telkom,362,,,
1141,Verulam ,Blessed Five Technology ,The Grange ,2 Garden Street,Telkom,363,,,
1144,Verulam ,KFC ,Restaurant,18 Ireland Street ,Telkom,364,,,
1152,Vryheid ,Chisa Nyama ,Restaurant ,185 Mark Street,Telkom,365,,,
1153,Vryheid ,Debonairs ,Restaurant ,164 Church Street,Telkom,366,,,
1154,Vryheid ,Francocel Coffee Shoppe,Restaurant ,135 High Street ,Telkom,367,,,
1155,Vryheid ,Hungry Lion ,Restaurant ,Cnr Utrecht and Landdrost Street,Telkom,368,,,
1156,Vryheid ,Kia Motors,Car Dealership ,167 Church Street ,Telkom,369,,,
1157,Vryheid ,Kia Motors,Car Dealership ,Ker Street,Telkom,370,,,
1158,Vryheid ,Nandos,Restaurant ,Cnr Oos and Kerk Street ,Telkom,371,,,
1161,Vryheid ,Rage Fashion ,Clothing ,Cnr Mason and Utrecht Street,Telkom,372,,,
1162,Vryheid ,Rage Fashion ,Clothing ,Cnr Utrecht and President Street,Telkom,373,,,
1163,Vryheid ,Romans Pizza,Restaurant ,166 Church Street,Telkom,374,,,
1164,Vryheid ,Total Garage ,Garage ,36 Stretch Cres,Telkom,375,,,
1165,Vryheid ,Unique Beauty Salon,Hair Salon ,Ker Street,Telkom,376,,,
1166,Vryheid ,Villa Prince Imperial ,Hotel,136 Bree Street,Telkom,377,,,
1169,Vryheid ,Zonke,Restaurant ,187 Utrecht Road,Telkom,378,,,
1170,Wartburg,Spur,Restaurant ,27 Titren Road,Telkom,379,,,
1174,Westville ,Berthas Hair Studio ,Hair Salon,14 Church Road ,Telkom,380,,,
1175,Westville ,Caltex Freshstop ,Garage ,174/178 Roger Shishi Road ,Telkom,381,,,
1179,Westville ,Fish and Chips Shop ,Restaurant ,5 Link Road ,Telkom,382,,,
1181,Westville ,Jimmys Killer Prawns ,Westwood Shopping Centre ,16 Lincon Terrace ,Telkom,383,,,
1183,Westville ,KFC ,Restaurant ,9 Spine Road ,Telkom,384,,,
1204,Westville ,Upper Caffeteria ,UKZN Campus,UKZN Westville Campus ,Telkom,385,,,
1214,Windermere ,Delicious Coffee Shop ,Restaurant ,163 Lilian Ngoyi Road ,Telkom,386,,,
1216,Windermere ,Tyres Shock and Exhaust ,Car Accessories Shop,682 Umgeni Road ,Telkom,387,,,
1217,Winterton ,Tyremart,Car Accessories ,Springfield Road,Telkom,388,,,
11,Amanzintoti,Nu Metro ,Galleria Shopping Centre ,Moss Kolnik and Arbour Road ,Telkom ,389,,,
13,Amanzintoti,Telkom Direct Store ,Amanzintoti Mall,Beach Road ,Telkom ,390,,,
26,Ballito ,Glasfit ,Car Accessories Shop,Douglas Crow Drive ,Telkom ,391,,,
29,Ballito ,Marshalls World of Sport ,Sport Store ,1 Moffat Drive ,Telkom ,392,,,
31,Ballito ,Mozambik,Boulevard Centre ,Compensation Road,Telkom ,393,,,
35,Ballito ,Rage Fashion ,Ballito Junction,Leonora Drive ,Telkom ,394,,,
36,Ballito ,Salon Kerry-Lee ,Hair Salon ,14 Garlick Drive ,Telkom ,395,,,
37,Ballito ,Telkom Direct Store ,Lifestyle Centre ,Main Road ,Telkom ,396,,,
38,Ballito ,Tiger Wheel and Tyre ,Car Accessories Shop,M4 and Douglas Crowe ,Telkom ,397,,,
62,Berea ,Mimmos ,Musgrave Shopping Centre ,115 Musgrave Road ,Telkom ,398,,,
65,Berea ,SA Clinics ,Clinic ,Cowey Centre ,Telkom ,399,,,
68,Berea ,Stamford Car Wash ,Car Wash ,269 Matthew Meyiwa Road,Telkom ,400,,,
73,Bothas Hill,Total Garage ,Garage ,241 Old Main Road,Telkom ,401,,,
75,Briardene ,Supa Quick ,Car Accessories Shop,1451 North Coast Road,Telkom ,402,,,
85,Chatsworth,TDS Chatsworth,Chatsworth Shopping Centre ,17 Joyhurst Street ,Telkom ,403,,,
93,Crossways ,Panaji,Restaurant,320 Marine Drive ,Telkom ,404,,,
95,Davenport,TDS Davenport ,Davenport Square ,89 Helen Joseph Road ,Telkom ,405,,,
121,Durban ,Hair Sensation ,Hilton Hotel,14 Walnut Road,Telkom ,406,,,
136,Durban ,McDonalds ,Restaurant ,Old Fort and Soldiersway ,Telkom ,407,,,
139,Durban ,MJs Xclusive Har Salon ,Hair Salon ,1 Bell Street ,Telkom ,408,,,
142,Durban ,Pie City ,Restaurant ,115 Victoria Street ,Telkom ,409,,,
144,Durban ,Rivieria Hotel ,Hotel,Margret Mncadi Street ,Telkom ,410,,,
147,Durban ,TDS Durban ,Store,320 West Street ,Telkom ,411,,,
148,Durban ,Telkom Direct Store ,Store,320 Dr Pixley KaSeme Street ,Telkom ,412,,,
150,Durban ,The Big Apple Pizza Company ,Restaurant ,507 Lilian Ngoyi Road ,Telkom ,413,,,
151,Durban ,The Oyster Bar ,Bar,18 Boatmans Road ,Telkom ,414,,,
170,Durban North ,Glasfit ,Car Accessories Shop,948 Umgeni Road ,Telkom ,415,,,
175,Durban North ,La Pearl Hair ,Hair Salon,150 Florida Road ,Telkom ,416,,,
176,Durban North ,Mintys Tyres ,Car Accessories Shop,1199 Umgeni Road ,Telkom ,417,,,
179,Durban North ,Panaji,Restaurant ,68 Kensington Drive ,Telkom ,418,,,
180,Durban North ,Piatto,Restaurant ,140 Florida Road ,Telkom ,419,,,
181,Durban North ,RJ's Restaurant,Restaurant ,Waterkant Road ,Telkom ,420,,,
182,Durban North ,Royal Vulcanizing Station ,Car Accessories Shop,1153 Umgeni Road,Telkom ,421,,,
186,Durban North ,Skycafe and Sports Bar ,Restaurant ,25 Silver Avenue ,Telkom ,422,,,
187,Durban North ,Specialist Dermatologist ,Dermatologist ,56 Chelsea Drive ,Telkom ,423,,,
188,Durban North ,Supa Quick ,Car Accessories Shop,19 Waterkant Road ,Telkom ,424,,,
189,Durban North ,Super Tyres ,Car Accessories Shop,565 Umgeni Road ,Telkom ,425,,,
190,Durban North ,Total Garage ,Garage ,13 Broadway Road ,Telkom ,426,,,
191,Durban North ,Wheel and Steel ,Car Accessories Shop,672 Umgeni Road ,Telkom ,427,,,
194,Durban South ,Spur ,Cedar Falls ,27 Titren Road ,Telkom ,428,,,
224,Gamalekhe ,Total Garage,Garage ,112 Gamalakhe Road,Telkom ,429,,,
229,Glenashley ,Pashas Restaurant ,Glen Ashley Centre ,37 New Part Avenue ,Telkom ,430,,,
230,Glenashley ,Total Garage ,Garage ,13 Umhlanga Rocks Drive ,Telkom ,431,,,
233,Glenmore ,Sintus Café ,Restaurant ,19 Farmon Road ,Telkom ,432,,,
236,Glenwood,Jumeli Café,Restaurant ,175 Clark Road ,Telkom ,433,,,
237,Glenwood,Sir Harveys B&B ,Hotel,242 JB Marks Road ,Telkom ,434,,,
238,Glenwood,Tenacity Hair and Beauty Salon ,Hair Salon ,392 Ester Roberts Road,Telkom ,435,,,
248,Greyville ,Hair Sensation ,City View ,10 Matthews Meyiwa Road ,Telkom ,436,,,
249,Greyville ,KFC ,Restaurant ,26 Beatrice Street ,Telkom ,437,,,
252,Greyville ,Pie Corner ,Restaurant ,56 Charlotte Maxeke Street ,Telkom ,438,,,
253,Greyville ,Salon El Shaddai ,Hair Salon ,Lome Street ,Telkom ,439,,,
254,Greyville ,Sintus Café ,Restaurant ,41 Centenary Road ,Telkom ,440,,,
255,Greyville ,Telkom Express,City View ,10 Matthews Meyiwa Road ,Telkom ,441,,,
256,Greyville ,Total Garage ,Garage ,193 First Avenue Road ,Telkom ,442,,,
261,Harding,Rage Fashion ,Clothing Shop ,Cnr Hawkins and Livingstone Street,Telkom ,443,,,
267,Hillcrest ,Green Chilli,Restaurant ,2 Marbleray Drive ,Telkom ,444,,,
268,Hillcrest ,KFC ,Oxford Village ,9 Old Main Road ,Telkom ,445,,,
269,Hillcrest ,KFC ,Restaurant ,45 Old Main Road ,Telkom ,446,,,
271,Hillcrest ,Kia Dealership,Car Lot ,36A Old Main Road ,Telkom ,447,,,
273,Hillcrest ,McDonalds ,Restaurant,R103 Old Main Road and Crooked Lane ,Telkom ,448,,,
274,Hillcrest ,Medicross Medical ,Hospital,Nqutu Road ,Telkom ,449,,,
275,Hillcrest ,Mozambik 244 ,Clanclieni Centre ,9 Inanda Road ,Telkom ,450,,,
278,Hillcrest ,Peacock Hair and Beauty Salon ,Hair Salon ,Old Main and Inanda Road ,Telkom ,451,,,
283,Hluhluwe ,Total Garage ,Garage ,20 Main Road ,Telkom ,452,,,
295,Isipingo ,SA Clinics ,Clinic ,3 Police Station Road ,Telkom ,453,,,
300,Kensington Village,Pizza Boyz,Restaurant ,17 Mackeurtan Avenue ,Telkom ,454,,,
304,Kingsburgh,Perfect Pizza ,Restaurant ,4 Winklespruit Road ,Telkom ,455,,,
310,Kloof ,Kloof Highway SPCA ,SPCA ,29 Village Road ,Telkom ,456,,,
314,Kloof ,The Curry Guru ,Delcairn Centre ,6 Village Road ,Telkom ,457,,,
316,Kokstad,Kilimanjaro Guest House,Hotel,79 Hope Street ,Telkom ,458,,,
317,Kokstad,King Pie,Restaurant,66 Main Street,Telkom ,459,,,
318,Kokstad,La Gondola ,-,33 Groom Street ,Telkom ,460,,,
319,Kokstad,Nandos ,Restaurant,78 Main Street,Telkom ,461,,,
320,Kokstad,Nandos ,Restaurant,79 Hope Street ,Telkom ,462,,,
321,Kokstad,Old Fashioned Fish and Chips ,Restaurant,Cnr Main and Dower Street,Telkom ,463,,,
338,KwaMashu,Philanis Salon ,Hair Salon ,71 Umfolozi Road ,Telkom ,464,,,
339,KwaMashu,Pie City ,Bridge City Centre ,Kwamashu Highway and Malandela Road,Telkom ,465,,,
341,KwaMashu,Rage Fashion ,Clothing Shop ,Mandela Road ,Telkom ,466,,,
344,KwaMashu,Sbonza Salon ,Hair Salon ,71 Umfolozi Road ,Telkom ,467,,,
349,La Lucia ,Mugg & Bean ,La Lucia Mall,90 William Campbell Drive ,Telkom ,468,,,
351,La Lucia ,Nedbank ,La Lucia Mall,90 William Campbell Drive ,Telkom ,469,,,
352,La Lucia ,Terry Scott Hairdressing,Hairdresser,90 William Campbell Drive ,Telkom ,470,,,
382,Margate ,King Fisher Total,Restaurant,3012 Marine Drive ,Telkom ,471,,,
383,Margate ,Larrys Family Restaurant ,Restaurant ,Panorama Parade ,Telkom ,472,,,
384,Margate ,Mr Fish,Restaurant,Marwe Drive ,Telkom ,473,,,
387,Margate ,Nandos ,Shelly Beach ,Main Road ,Telkom ,474,,,
388,Margate ,One Eyed Jack ,Continental Court ,Marine Drive ,Telkom ,475,,,
389,Margate ,Quinta Portugusa ,Restaurant,602 Main Drive,Telkom ,476,,,
390,Margate ,Rage Fashion ,Clothing Shop ,Cnr Wartski and Windsor Avenue ,Telkom ,477,,,
397,Mayville,Skyy Aviation Academy ,Training Centre ,17 Buro Crescent ,Telkom ,478,,,
405,Merewent ,Soundlab Inc ,Car Accessories Shop,4 Ajmer Road ,Telkom ,479,,,
409,Mobeni,Supa Quick ,Car Accessories Shop,152C Leicester Road ,Telkom ,480,,,
412,Montclair,Rage Fashion ,Clothing Shop ,169 Wood Road ,Telkom ,481,,,
413,Montclair,Summerfield Service Station,Garage ,62 Roland Chapman Drive ,Telkom ,482,,,
441,Morningside ,RJ's Restaurant,Restaurant ,116 Florida Road ,Telkom ,483,,,
443,Morningside ,Silver Oaks Boutique Hotel,Hotel,17 Silverton Road ,Telkom ,484,,,
447,Morningside ,The Address ,Restaurant ,101 Inrus Road ,Telkom ,485,,,
458,Mtubatuba ,King Pie,Restaurant,42/1 St Lucia Street ,Telkom ,486,,,
459,Mtubatuba ,Rage Fashion ,Clothing Shop ,John Ross Highway,Telkom ,487,,,
460,Mtubatuba ,Rage Fashion ,Clothing Shop ,Mtuba Mall Portion 1 of 58 ,Telkom ,488,,,
468,Musgrave ,Rags Hair and Beauty ,Hair Salon ,115 Musgrave Road ,Telkom ,489,,,
469,Musgrave ,Scizzors Hair Studio ,Hair Salon ,4 Caister Crescent ,Telkom ,490,,,
472,Musgrave ,TDS Musgrave ,Musgrave Shopping Centre ,115 Musgrave Road ,Telkom ,491,,,
480,New Germany ,Tates Kasi Grill,Restaurant ,433 Zazi and 7th Avenue ,Telkom ,492,,,
510,Newlands ,Green Chilli,Restaurant ,7 Loopcrest Crescent ,Telkom ,493,,,
514,Newlands ,Newlands Convenience Centre ,Garage ,786 Inanda Road ,Telkom ,494,,,
516,Newlands ,Oasis Lounge ,Bar ,Maasbankor Road ,Telkom ,495,,,
520,Nongoma ,Rage Fashion ,Clothing Shop ,Main Street,Telkom ,496,,,
531,North Beach,Magic Company ,Suncoast Casino ,20 Battery Beach Road ,Telkom ,497,,,
532,North Beach,Master Chef Restaurant ,Restaurant ,86 Playfair Road ,Telkom ,498,,,
533,North Beach,Mochachos and Skippers ,Restaurant ,139 Lower Marine Parade ,Telkom ,499,,,
534,North Beach,Ripples ,Lower Marine Parade ,3 Lower Marine Parade ,Telkom ,500,,,
535,North Beach,Steers and Fishaways ,Restaurant ,137 Lower Marine Parade ,Telkom ,501,,,
536,North Beach,Super Tyres ,Car Accessories Shop,95 Brickfield Road ,Telkom ,502,,,
539,North Beach,Wimpy,Suncoast Casino ,20 Battery Beach Road ,Telkom ,503,,,
541,North Coast ,Total Garage ,Garage ,1469 North Coast Road ,Telkom ,504,,,
545,Overport,Kikis Foods ,Restaurant ,193 Sparks Road ,Telkom ,505,,,
546,Overport,Maxis ,The Atrium,430 Peter Mokaba Ridge ,Telkom ,506,,,
547,Overport,Mochachos ,Restaurant ,358 Brickfield Road ,Telkom ,507,,,
548,Overport,Pizzaratta ,Restaurant ,6 South Road ,Telkom ,508,,,
549,Overport,Soundlab Inc ,Car Accessories Shop,77 Alpine Road ,Telkom ,509,,,
551,Overport,Total Garage ,Garage ,550 Ridge Road ,Telkom ,510,,,
554,Parlock,KFC ,Restaurant ,784 Inanda Road ,Telkom ,511,,,
555,Parlock,Nandos ,Restaurant ,784 Inanda Road ,Telkom ,512,,,
564,Phoenix ,Govenders Indian Delight ,Restaurant ,138 Aberdare Drive ,Telkom ,513,,,
565,Phoenix ,Hair and Beauty Unlimited ,Tab Centre ,90 Pathanon Street ,Telkom ,514,,,
573,Phoenix ,Lucky Foods ,Ace Centre,61 Rydalvale Road ,Telkom ,515,,,
574,Phoenix ,Millennium Sports Bar ,Sports Bar,239 Grove End Drive ,Telkom ,516,,,
576,Phoenix ,Pie City ,Whitehouse Shopping Centre ,3333 Chris Hani Road ,Telkom ,517,,,
577,Phoenix ,Pie Corner ,The Phoenix Square ,12 Pathenon Street ,Telkom ,518,,,
578,Phoenix ,Salon Anita ,Whitehouse Shopping Centre ,3333 Chris Hani Road ,Telkom ,519,,,
579,Phoenix ,Sams Ranch Tavern ,Pub,24 Galomore Road ,Telkom ,520,,,
582,Phoenix ,Taj Fast Food & Catering ,Restaurant ,2/10 Acropolis Street ,Telkom ,521,,,
585,Phoenix ,Total Garage,Garage ,1 Risegate Drive ,Telkom ,522,,,
728,Pinetown ,Glasfit ,Car Accessories Shop,152 Old Main Road ,Telkom ,523,,,
731,Pinetown ,KFC ,Restaurant,49 Shepstone Road ,Telkom ,524,,,
733,Pinetown ,Marshalls World of Sport ,Sport Store ,Underwood Road ,Telkom ,525,,,
736,Pinetown ,Moffatt Optical ,Eye Specialist ,15 King Street ,Telkom ,526,,,
741,Pinetown ,Rage Fashion ,Pinecrest Centre ,17 Kings Road,Telkom ,527,,,
743,Pinetown ,Serendipity Body and Beauty Spa,Spa ,11 Maurice Nichols Road ,Telkom ,528,,,
744,Pinetown ,Steers ,Restaurant ,176 Underwood Road ,Telkom ,529,,,
745,Pinetown ,Supa Quick ,Car Accessories Shop,109 Old Main Road ,Telkom ,530,,,
746,Pinetown ,Swaadisht Foods ,Restaurant ,10 Shepstone Road ,Telkom ,531,,,
748,Pinetown ,Total Garage ,Garage ,48 Alexander Road ,Telkom ,532,,,
755,Pongola,KFC,Restaurant,Ithala Centre Manguzi,Telkom ,533,,,
756,Pongola,Rage Fashion ,Clothing Shop ,Cnr Naude and Jan Mielie Street ,Telkom ,534,,,
766,Prospecton,Medicross Medical ,Hospital,8 Prospecton Road ,Telkom ,535,,,
767,Prospecton ,Total Garage ,Garage ,46 Prospecton Road ,Telkom ,536,,,
769,Ramsgate ,Ramsgate Service Station ,Garage ,Marine Drive ,Telkom ,537,,,
777,Reservoir Hills ,Marshalls World of Sport ,Sport Store ,11 Pridley Road ,Telkom ,538,,,
778,Reservoir Hills ,Nandos ,Restaurant ,365 New Germany Road ,Telkom ,539,,,
779,Reservoir Hills ,Ravens Hair ,Hair Salon ,Stemhold Avenue ,Telkom ,540,,,
780,Reservoir Hills ,Swaadisht Foods ,Restaurant ,365 New Germany Road ,Telkom ,541,,,
786,Richards Bay ,McDonalds ,Restaurant ,Off the R619,Telkom ,542,,,
792,Richards Bay ,Sun1 Richards Bay ,Hotel ,E Central Arterial Road ,Telkom ,543,,,
801,Richmond,KFC,Restaurant ,Chilly and Shepstone Street ,Telkom ,544,,,
803,Richmond,Rage Fashion ,Richmond Shopping Centre ,Chilley and Nelson Street ,Telkom ,545,,,
804,Riverhorse Valley,KFC ,Restaurant ,Riverhorse Valley West Petroport West N2,Telkom ,546,,,
805,Riverhorse Valley,KFC ,Restaurant ,Total Petroport East N2 ,Telkom ,547,,,
806,Riverhorse Valley,Royal Vulcanizing Station ,Car Accessories Shop,14 Riverhorse Valeey Close ,Telkom ,548,,,
813,Scottburgh,Nedbank ,Bank,Scottburgh Mall ,Telkom ,549,,,
817,Scottburgh,Nonos Salon ,Hair Salon ,Scott Street ,Telkom ,550,,,
818,Scottburgh,Spice Inn ,Restaurant ,145 Scott Street,Telkom ,551,,,
826,Seaview ,Motorsport Car Wash ,Car Wash ,622 Sarnia Road ,Telkom ,552,,,
827,Seaview ,Rossburgh Dental ,Parkview Medical Centre ,14 Parkview Road,Telkom ,553,,,
828,Seaview ,Total Garage ,Garage ,27 Titren Road ,Telkom ,554,,,
834,Shelly Beach,Nandos ,Restaurant,Main Road,Telkom ,555,,,
835,Shelly Beach,RJ's Restaurant,South Coast Mall ,Izot Sha Road ,Telkom ,556,,,
836,Shelly Beach,Shelly Optometrist,Eye Specialist ,Marine Drive ,Telkom ,557,,,
841,Sherwood ,Welcome Convenience Centre,Store ,931 King Cetshwayo Highway ,Telkom ,558,,,
863,South Beach,Jolly Grubber,Restaurant ,79 Dr Pixley Kaseme Street,Telkom ,559,,,
864,South Beach,KFC ,Restaurant ,124 Russell Street ,Telkom ,560,,,
871,South Beach,Kimaya Spa ,Spa,57 OR Tambo Parade ,Telkom ,561,,,
872,South Beach,Mammas Chicken ,Restaurant ,112 Queen Street ,Telkom ,562,,,
873,South Beach,McDonalds ,Restaurant ,Joe Slovo Drive and Bertha Mkhise Street ,Telkom ,563,,,
874,South Beach,McDonalds ,Restaurant ,Field and West Street ,Telkom ,564,,,
875,South Beach,Meat Junction ,Restaurant ,10/14 Sylvester Ntuli Road ,Telkom ,565,,,
876,South Beach,Nandos ,Old Mutual Mall ,303 Dr Pixley KaSeme Street ,Telkom ,566,,,
877,South Beach,New Image Salon ,Hair Salon ,130 West Street,Telkom ,567,,,
879,South Beach,Pie City ,West End Centre,349 Grey and Pine Street ,Telkom ,568,,,
880,South Beach,Rage Fashion ,Clothing Shop ,336 West Street ,Telkom ,569,,,
881,South Beach,Roma Revolving Restaurant ,Restaurant ,22-36 Margaret Mncadi Avenue ,Telkom ,570,,,
882,South Beach,Spice Emporium ,Spice Shop ,31 Monty Naicker Road ,Telkom ,571,,,
884,South Beach,Supa Quick ,Car Accessories Shop,2 A Xuma Street ,Telkom ,572,,,
885,South Beach,Telkom ,Store,21 Acutt Street ,Telkom ,573,,,
886,South Beach,Tiger Wheel and Tyre ,Car Accessories Shop,Florence Nzama & Monty Naicker Street ,Telkom ,574,,,
887,South Beach,West End Butcher and Grill ,Restaurant ,90 Dr Pixley KaSeme Street ,Telkom ,575,,,
888,South Beach,Wheel and Steel ,Car Accessories Shop,109 Monty Naicker Street ,Telkom ,576,,,
889,South Beach,Wimpy,Good Hope Centre,92 Queens Street ,Telkom ,577,,,
897,Southbroom,San Lameer Spa,Golf Estate ,65 Main Road,Telkom ,578,,,
900,Springfield Park ,Green Chilli,Restaurant ,47 Intersite Avenue ,Telkom ,579,,,
901,Springfield Park ,Hair @ Mels ,Umgeni Business Centre ,2 Intersite Avenue ,Telkom ,580,,,
904,Springfield Park ,Jolly Grubber,Restaurant ,29 Royal Palm Avenue ,Telkom ,581,,,
910,Springfield Park ,Premium Tyres ,Umgeni Business Centre ,70 Intersite Avenue ,Telkom ,582,,,
911,Springfield Park ,RMB Home Centre ,Home Store ,2 Llala Avenue ,Telkom ,583,,,
915,Springfield Park ,Supa Quick ,Car Accessories Shop,47 Intersite Avenue ,Telkom ,584,,,
916,Springfield Park ,Tiger Wheel and Tyre ,Car Accessories Shop,2 Intersite Avenue ,Telkom ,585,,,
923,Stanger ,Glasfit ,Car Accessories Shop,15 King Shaka Road ,Telkom ,586,,,
928,Stanger ,Supa Quick ,Car Accessories Shop,18 King Shaka Street ,Telkom ,587,,,
929,Stanger ,Supa Quick ,Car Accessories Shop,18 King Shaka Street ,Telkom ,588,,,
930,Stanger ,Telkom Direct Store ,Ushaka Mall ,8 Haysom Road ,Telkom ,589,,,
931,Stanger ,Total Garage ,Garage ,121 Chief Albert Luthuli Street ,Telkom ,590,,,
934,Sydenham ,Moideens Kitchen ,Azeez Centre ,27 Naidu Road ,Telkom ,591,,,
935,Sydenham ,Salon Cassie,Hair Salon ,378 Sparks Road ,Telkom ,592,,,
945,The Bluff,Green Dolphin Pub and Restaurant ,Restaurant ,17 Foreshore Drove ,Telkom ,593,,,
950,The Bluff,Medicross Medical ,Hospital ,54 Lighthouse Road ,Telkom ,594,,,
951,The Bluff,Nandos ,Hillside Mall ,Greys Inn and Tara Road ,Telkom ,595,,,
952,The Bluff,Oriental Fast Foods ,Restaurant ,18 Lighthouse Road ,Telkom ,596,,,
957,The Bluff ,Pizza Perfect ,Restaurant ,277 Marine Drive ,Telkom ,597,,,
958,The Bluff ,Rage Fashion ,Hillside Mall,201 Tara Road ,Telkom ,598,,,
960,The Bluff ,Spoil Yourself Hair and Beauty,Hair Salon ,390 Tara Road ,Telkom ,599,,,
961,The Bluff ,Supa Quick ,Car Accessories Shop,102 Bluff Road ,Telkom ,600,,,
968,Tongaat ,KFC ,Restaurant ,351 Main Road ,Telkom ,601,,,
969,Tongaat ,Pie City ,Hijaz Centre ,347 Main Road,Telkom ,602,,,
973,Ulundi,Rage Fashion ,Clothing Shop ,King Swnzangakhona Centre ,Telkom ,603,,,
976,Ulundi ,Hungry Lion ,Restaurant,Cnr Princess Magoga and Princess Mkabayi,Telkom ,604,,,
979,Umbilo ,Goundens Restaurant and Take Away ,Restaurant ,520 Umbilio Road ,Telkom ,605,,,
980,Umbilo ,Hair and Beauty ,Hair Salon ,297 Bartle Road ,Telkom ,606,,,
981,Umbilo ,Hair Creations By Adika ,Hair Salon ,132 Sphiwe Street ,Telkom ,607,,,
983,Umbilo ,Merseyside Pub and Tavern ,Pub,95 Teignmouth Road ,Telkom ,608,,,
984,Umbilo ,Mogis Beauty and Health Spa ,Spa ,189 Bartle Road ,Telkom ,609,,,
985,Umbilo ,Pit Stop Car Wash ,Car Wash ,99 Umbilo Road ,Telkom ,610,,,
986,Umbilo ,Sintus Café ,Restaurant ,Teignmouth Road ,Telkom ,611,,,
987,Umbilo ,Telkom Centre for Learning ,Training Centre ,4 Oliver Lea Drive ,Telkom ,612,,,
988,Umbilo ,The Anchorage Pub anf Restaurant,Restaurant ,416 Umbilo Road ,Telkom ,613,,,
989,Umbilo ,The Jackie Horner Pub,Pub,49 Helen Joseph Road,Telkom ,614,,,
992,Umdloti ,Magic Company ,Arcade ,1 Sibaya Drive ,Telkom ,615,,,
994,Umdloti ,Steers ,Umdloti Centre ,South Beach Road ,Telkom ,616,,,
1003,Umhlanga,Perfect Hair,Crescent Shopping Centre ,1 Sunset Court ,Telkom ,617,,,
1039,Umhlanga ,KFC ,Umhlanga Plaza,4 Lagoon Drive ,Telkom ,618,,,
1043,Umhlanga ,Marshalls World of Sport ,Sport Store ,1 Chartwell Drive ,Telkom ,619,,,
1044,Umhlanga ,McDonalds ,Restaurant ,Sugar Close and Gateway Boulevard ,Telkom ,620,,,
1050,Umhlanga ,Mozambik,Gateway Theatre of Shopping,1 Palm Boulevard ,Telkom ,621,,,
1052,Umhlanga ,Ocean Basket ,Restaurant ,10 Lagoon Drive,Telkom ,622,,,
1054,Umhlanga ,Primi Piatti ,Gateway Theatre of Shopping,1 Palm Boulevard ,Telkom ,623,,,
1056,Umhlanga ,SA Clinics ,Clinic ,1 Sugar Close ,Telkom ,624,,,
1063,Umhlanga ,Total Garage ,Garage ,1/3 Jubilee Grove ,Telkom ,625,,,
1092,Umhlanga Ridge ,Gloria Jeans Coffee ,Gateway Theatre of Shopping,2 Palm Boulevard ,Telkom ,626,,,
1105,Umhlanga Ridge ,Pizza Boys ,Ridgeton Towers,6 Aurora Drive ,Telkom ,627,,,
1106,Umhlanga Ridge ,Serenity Hair and Beauty ,Ridgeton Towers,6 Aurora Drive ,Telkom ,628,,,
1107,Umhlanga Ridge ,Telkom Direct Store ,Gateway Theatre of Shopping,1 Palm Boulevard ,Telkom ,629,,,
1108,Umhlanga Ridge ,Tiger Wheel and Tyre ,Car Accessories Shop,Solstice and Twilight Drive ,Telkom ,630,,,
1128,Umlazi ,McDonalds ,Restaurant ,1968 Umlazi D KwaMnyandu Mall ,Telkom ,631,,,
1129,Umlazi ,Meat Junction ,Restaurant ,1968 Umlazi D KwaMnyandu Mall ,Telkom ,632,,,
1130,Umlazi ,Musas Carwash,Car Wash ,D1447 Ntontozulu Road ,Telkom ,633,,,
1132,Umlazi ,Rage Fashion ,Clothing Shop ,162 Zwe Madalala Drive ,Telkom ,634,,,
1133,Umlazi ,Rage Fashion ,Clothing Shop ,50 Mangosuthu Highway ,Telkom ,635,,,
1139,Uvango,Stephward Estate Country House ,Hotel,1B Meriel Road,Telkom ,636,,,
1146,Verulam ,Pie City ,Restaurant ,59 Moss Street ,Telkom ,637,,,
1147,Verulam ,The Mall Café ,Restaurant ,52 Wick Street ,Telkom ,638,,,
1148,Verulam ,Top Hat Bakery ,Bakery ,16 Ireland Street ,Telkom ,639,,,
1185,Westville ,Kimaya Spa ,Spa,37 Westville Road ,Telkom ,640,,,
1188,Westville ,Miras Restaurant ,Restaurant ,157 Roger Shishi Road ,Telkom ,641,,,
1192,Westville ,Nandos ,Westwood Shopping Centre ,Westwood Mall ,Telkom ,642,,,
1199,Westville ,Simply Asia ,Restaurant ,9 Spine Road ,Telkom ,643,,,
1200,Westville ,TDS Pavillion,Pavillion Shopping Centre ,9 Spine Road ,Telkom ,644,,,
1201,Westville ,Telkom Direct Store ,Westwood Shopping Centre ,16 Lincon Terrace ,Telkom ,645,,,
1203,Westville ,The Sugaring Haven ,Home Business ,7 Downley Road ,Telkom ,646,,,
1213,Wiggins,Ninas Foos and Splish Splash Car Wash,Restaurant/Carwash,424 Harry Gwala Road ,Telkom ,647,,,
154,Durban ,Wimpy  ,Workshop Centre,Dr A B Xuma Street ,Telkom  ,648,,,
762,Port Shepstone ,Pitstop Restaurant and Pub ,Restaurant,Toucan Road,Vast Netorks ,1,,,
429,Morningside ,Europa Food Emporium,Florida Road ,167 Florida Road ,Vast Network,2,,,
25,Ballito ,Fairmont Zimbali Lodge ,Hotel,Zimbali Coastal Estate ,Vast Networks,3,,,
70,Berea ,Wimpy  ,Murchies Passage ,Murchies Passage ,Vast Networks,4,,,
286,Howick,Nandos,Restaurant ,Howick,Vast Networks,5,,,
385,Margate ,Mugg & Bean ,Restaurant,Marine Drive ,Vast Networks,6,,,
393,Matubatuba ,Nedbank ,Taxi City ,Off the R618,Vast Networks,7,,,
403,Melmoth,Nedbank Boxer ,Store ,Main Road,Vast Networks,8,,,
407,Mkuze,Doregos Mkuze,Restaurant ,5 Main Road ,Vast Networks,9,,,
454,Mount Edgecombe,KFC ,Restaurant,City Boundary Street ,Vast Networks,10,,,
653,Pietermaritzburg ,Mugg & Bean ,Liberty Midlands Mall ,50 Sanctuary Road ,Vast Networks,11,,,
656,Pietermaritzburg ,Nedbank,Liberty Midlands Mall ,50 Sanctuary Road ,Vast Networks,12,,,
821,Scottburgh,Wimpy  ,Scottburgh Mall,Adams Road,Vast Networks,13,,,
857,South Beach,Durban Spa ,Hotel,57 O R Tambo Parade,Vast Networks,14,,,
1001,Umhlanga,Ninos,Gateway Theatre of Shopping,1 Palm Boulevard ,Vast Networks,15,,,
1068,Umhlanga ,Wimpy,Cabana Beach,10 Lagoon Drive,Vast Networks,16,,,
1111,Umhlanga Ridge ,Wimpy,Crescent Shopping Centre ,1 Sunset Court ,Vast Networks,17,,,
1198,Westville ,Ninos,Pavillion Shopping Centre ,9 Spine Road ,Vast Networks,18,,,
1210,Westville ,Woolworths,Pavillion Shopping Centre ,9 Spine Road ,Vast Networks,19,,,
7,Amanzintoti,Mugg & Bean ,Restaurant,Galleria Mall,Vast Networks ,20,,,
12,Amanzintoti,Plum Perfect,Interiors,22 Rockview Road ,Vast Networks ,21,,,
19,Amanzintoti,Woolworths,Gallaria Mall,Arbour Road  ,Vast Networks ,22,,,
41,Ballito ,Woolworths ,Ballito Bay Mall ,Ballito Bay Mall ,Vast Networks ,23,,,
49,Berea ,Coastlands Holiday Resort ,Hotel,Dr Pixley KaSeme Street ,Vast Networks ,24,,,
61,Berea ,Mamma Lucianas Restaurant,Restaurant,Anton Lembede Street ,Vast Networks ,25,,,
77,Cato Manor ,Inkosi Albert Luthuli Central Hospital,Hospital,800 Bellair Road,Vast Networks ,26,,,
97,Dolphin Coast,Salt Rock Hotel ,Hotel,59 Basil Hulett Drive ,Vast Networks ,27,,,
99,Dundee ,Nedbank Boxer ,Store ,Victoria Street ,Vast Networks ,28,,,
101,Dundee ,The Lapha B&B,Hotel,Tatham Street ,Vast Networks ,29,,,
104,Durban,McCarthy VW,Car Dealership ,Jaco Place,Vast Networks ,30,,,
112,Durban ,Circus Circus ,Restaurant ,Dr Yusuf Dadoo Street ,Vast Networks ,31,,,
140,Durban ,Ninos,Mutual Mall ,Dr Pixley KaSeme Street ,Vast Networks ,32,,,
145,Durban ,Rivieria Hotel ,Hotel,Margret Mncadi Street ,Vast Networks ,33,,,
155,Durban ,Wimpy  ,Workshop Centre,Dr A B Xuma Street ,Vast Networks ,34,,,
193,Durban South ,Engen Panda Carwash,Garage ,Roland Chapman Drive ,Vast Networks ,35,,,
198,Empangeni ,McDonalds,Restaurant,John Ross Highway,Vast Networks ,36,,,
199,Empangeni ,Nedbank ,Bank,John Ross Highway,Vast Networks ,37,,,
201,Empangeni ,Nedbank ,Empangeni Market ,4 Weightman Avenue,Vast Networks ,38,,,
202,Empangeni ,Ngwenya Service Station,Garage ,John Ross Highway,Vast Networks ,39,,,
208,Escourt ,Nedbank,Bank,Harding Road,Vast Networks ,40,,,
209,Escourt ,Nedbank Boxer ,Store ,Alexandra Street ,Vast Networks ,41,,,
212,Escourt ,Wimpy ,Restaurant ,Richmond Road,Vast Networks ,42,,,
218,Eshowe ,Nedbank ,Bank ,Osborne Road ,Vast Networks ,43,,,
220,Essenwood,City View Shopping Centre,Shopping Centre ,Umgeni Road ,Vast Networks ,44,,,
227,Glenashley ,Caltex Freshstop ,Garage ,Newport Avenue ,Vast Networks ,45,,,
240,Greytown,Wimpy,Restaurant,160 Pine Street ,Vast Networks ,46,,,
257,Hammersdale,Nedbank,Bank,Kunene Road ,Vast Networks ,47,,,
258,Hammersdale,Nedbank Boxer ,Store ,Kunene Road ,Vast Networks ,48,,,
276,Hillcrest ,Mugg & Bean ,Restaurant,Old Main Road,Vast Networks ,49,,,
280,Hillcrest ,Woolworths,Clothing Shop ,Main Road ,Vast Networks ,50,,,
282,Hluhluwe ,Steers,Restaurant,N2 Hluhluwe North Bound ,Vast Networks ,51,,,
284,Hluhluwe ,Wimpy,Restaurant ,Main Road,Vast Networks ,52,,,
287,Howick,Nedbank ,Bank ,Harverd Street ,Vast Networks ,53,,,
290,Howick,Wimpy ,Restaurant ,Howick,Vast Networks ,54,,,
297,Isipingo ,The View at 686,Hotel,Ocean View Drive ,Vast Networks ,55,,,
311,Kloof ,Nedbank ,Bank ,Old Main Road,Vast Networks ,56,,,
324,KwaDukuza,KFC ,Restaurant,Cato Street ,Vast Networks ,57,,,
326,KwaDukuza,Princes Grant Lodge ,Hotel ,1 Babu Bodasing Avenue,Vast Networks ,58,,,
348,La Lucia ,La Lucia Mall,Shopping Centre ,90 William Campbell Drive ,Vast Networks ,59,,,
350,La Lucia ,Mugg & Bean ,La Lucia Mall,90 William Campbell Drive ,Vast Networks ,60,,,
360,La Mercy ,King Shaka International Airport ,King Shaka International Airport ,King Shaka Drive ,Vast Networks ,61,,,
369,Ladysmith,Nedbank,Bank,Murchison Street ,Vast Networks ,62,,,
392,Matubatuba ,John Dorys ,Restaurant,McKenzie Street ,Vast Networks ,63,,,
395,Matubatuba ,Wimpy  ,Restaurant,McKenzie Street ,Vast Networks ,64,,,
401,Melmoth,Nedbank,Bank,Jacob Cohn Street,Vast Networks ,65,,,
406,Mkhuze,Wimpy,Restaurant,50 Main Road,Vast Networks ,66,,,
415,Mooi River ,Wimpy ,Restaurant ,Mooi River N3 ,Vast Networks ,67,,,
416,Morningside ,Absolute Lounge ,Lounge ,Wallace Road ,Vast Networks ,68,,,
421,Morningside ,Cigusta ,Restaurant ,Madeline Road ,Vast Networks ,69,,,
434,Morningside ,Independent Newspapers Durban ,Newspaper Printer ,Bornick Road ,Vast Networks ,70,,,
436,Morningside ,Mugg & Bean ,Suncoast Casino ,20 Battery Beach Road ,Vast Networks ,71,,,
477,Musgrave ,Woolworths ,Store ,115 Musgrave Road ,Vast Networks ,72,,,
479,New Germany ,Nedbank ,Bank ,Qashana Khuzwayo Road,Vast Networks ,73,,,
482,Newcastle ,ABSA ,Bank,Whyte Street,Vast Networks ,74,,,
492,Newcastle ,Mugg & Bean ,Restaurant ,Allen Street,Vast Networks ,75,,,
506,Newcastle ,Wimpy ,Restaurant ,26 Victoria Road,Vast Networks ,76,,,
568,Phoenix ,KFC ,Restaurant ,91 Phathernon Street ,Vast Networks ,77,,,
571,Phoenix ,KFC ,Restaurant ,Phoenix Highway ,Vast Networks ,78,,,
608,Pietermaritzburg ,Essence Restaurant ,The Square ,4 Chatterton Road ,Vast Networks ,79,,,
655,Pietermaritzburg ,Nedbank,Bank,Longmarket Street ,Vast Networks ,80,,,
659,Pietermaritzburg ,Nedbank,Bank - Boxer store ,Howick ,Vast Networks ,81,,,
660,Pietermaritzburg ,Nedbank Boxer ,Bank,Hoosen Haffjee ,Vast Networks ,82,,,
665,Pietermaritzburg ,Nedbank ,Scottsville Mall,60 Alan Paton Ave,Vast Networks ,83,,,
710,Pietermaritzburg ,Wimpy ,Hayfields Mall,28 Blackburrow Rd,Vast Networks ,84,30 mins ,,
712,Pietermaritzburg ,Wimpy ,Restaurant ,Church Street ,Vast Networks ,85,,,
719,Pinetown ,Barloworld Ford and Mazda,Car Dealership ,Josiah Gumede Road ,Vast Networks ,86,,,
734,Pinetown ,McDonalds,Restaurant,Josiah Gumede Road ,Vast Networks ,87,,,
738,Pinetown ,Mugg & Bean ,Restaurant,Roselle Road,Vast Networks ,88,,,
740,Pinetown ,Nedbank ,Bank ,Kings Road ,Vast Networks ,89,,,
750,Pinetown ,Wimpy  ,Pine Crest Shopping Centre ,Kings Road ,Vast Networks ,90,,,
752,Point,Moyo at the Pier ,Restaurant ,Mahatma Gandhi Road ,Vast Networks ,91,,,
754,Pongola,Debonairs ,Restaurant ,Suikerbekkie Avenue ,Vast Networks ,92,,,
764,Port Shepstone ,Wimpy,Restaurant,Aiken Street,Vast Networks ,93,,,
785,Richards Bay ,McDonalds ,Restaurant ,Off the R619,Vast Networks ,94,,,
788,Richards Bay ,Mugg & Bean ,Boardwalk Inkwazi Shopping Centre,Mark Strasse Street ,Vast Networks ,95,,,
789,Richards Bay ,Nedbank ,Bay Plaza ,Krugerrand Grove ,Vast Networks ,96,,,
791,Richards Bay ,Protea Hotel,Hotel,Bridgetown and Pioneer Road ,Vast Networks ,97,,,
797,Richards Bay ,Wimpy,Meerensee Mall,Krewelkring Road ,Vast Networks ,98,,,
799,Richards Bay ,Woolworths ,Boardwalk Shopping Centre,Mark Strauss Street,Vast Networks ,99,,,
802,Richmond,Nedbank Boxer ,Store ,Shepstone Street,Vast Networks ,100,,,
815,Scottburgh,Nedbank ,Bank ,Scott Street ,Vast Networks ,101,,,
838,Shelly Beach,Wimpy,Restaurant,Marine Drive ,Vast Networks ,102,,,
892,South Coast ,Mugg & Bean ,Restaurant ,Palm Road,Vast Networks ,103,,,
898,Springfield Park ,BP Garage ,Garage ,Watercrest ,Vast Networks ,104,,,
913,Springfield Park ,Sasol,Garage ,Umgeni Road ,Vast Networks ,105,,,
918,Springfield Park ,Wimpy  ,Value Centre ,45 Electron Avenue ,Vast Networks ,106,,,
920,St Lucia,John Dorys ,Restaurant,166 McKenzie Street ,Vast Networks ,107,,,
926,Stanger ,KFC ,Restaurant,Hulett Street ,Vast Networks ,108,,,
966,The Bluff ,Wimpy  ,Bluff Towers ,318 Tara Road ,Vast Networks ,109,30mins ,Uncapped ,
993,Umdloti ,Sibaya Lodge,Hotel,Sibaya Drive ,Vast Networks ,110,,,
999,Umhlanga,Coastlands Holiday Resort ,Hotel,Umhlanga Rocks Drive ,Vast Networks ,111,,,
1008,Umhlanga ,Alexander Forbes ,Financial Services ,Somerset Park ,Vast Networks ,112,,,
1024,Umhlanga ,Gateway Private Hospital,Hospital,Aurora Drive  ,Vast Networks ,113,,,
1026,Umhlanga ,Gateway Theatre of Shopping ,Gateway Theatre of Shopping,1 Palm Boulevard ,Vast Networks ,114,,,
1046,Umhlanga ,McDonalds ,Restaurant,Umhlanga Rocks Drive ,Vast Networks ,115,,,
1059,Umhlanga ,The Breakers Resort,Hotel,Lagoon Drive,Vast Networks ,116,,,
1061,Umhlanga ,The Square Boutique Hotel and Spa,Hotel and Spa,Umhlanga Rocks Drive ,Vast Networks ,117,,,
1062,Umhlanga ,Three Cities Royal Palm ,Hotel ,Ridgeside Drive ,Vast Networks ,118,,,
1066,Umhlanga ,VoVo Telo ,Car Accessories Shop,Weaver Crescent,Vast Networks ,119,,,
1096,Umhlanga Ridge ,KFC,Gateway Theatre of Shopping,1 Palm Boulevard ,Vast Networks ,120,,,
1102,Umhlanga Ridge ,Nedbank ,Gateway Theatre of Shopping,1 Palm Boulevard ,Vast Networks ,121,,,
1112,Umhlanga Ridge ,Woolworths,Gateway Theatre of Shopping,1 Palm Boulevard ,Vast Networks ,122,,,
1117,Umhlanga Ridge ,McCarthy VW,Car Dealership ,Zenith Drive ,Vast Networks ,123,,,
1136,Umthunzi,Umthunzi Boutique Hotel,Hotel ,60 Commercial Road ,Vast Networks ,124,,,
1151,Volksrust ,Wimpy ,Restaurant ,Laingsnek Street,Vast Networks ,125,,,
1159,Vryheid ,Nedbank Boxer ,Store ,Kerk Street ,Vast Networks ,126,,,
1167,Vryheid ,Wimpy ,Restaurant ,Hoog Street ,Vast Networks ,127,,,
1172,Watercrest,Mugg & Bean ,Restaurant,Link Road and Inanda Road ,Vast Networks ,128,,,
1176,Westville ,Fego Café ,Westville Mall,Church Road ,Vast Networks ,129,,,
1177,Westville ,Fego Café ,Pavillion Shopping Centre ,9 Spine Road ,Vast Networks ,130,,,
1187,Westville ,Little Italian Coffee Shop,Pavillion Shopping Centre ,9 Spine Road ,Vast Networks ,131,,,
1190,Westville ,Mugg & Bean ,Westville Mall,Chruch Road ,Vast Networks ,132,,,
1193,Westville ,Nedbank ,Westville Mall,Chruch Road ,Vast Networks ,133,,,
1194,Westville ,Nedbank ,Pavillion Shopping Centre ,9 Spine Road ,Vast Networks ,134,,,
1197,Westville ,Ninos,Westwood Shopping Centre ,16 Lincon Terrace ,Vast Networks ,135,,,
1205,Westville ,Westville BB Burlington ,Hotel,18 Burlington Drive ,Vast Networks ,136,,,
1206,Westville ,Westville BB Haven ,Hotel,9 Haven Road,Vast Networks ,137,,,
1209,Westville ,Wimpy  ,Westwood Shopping Centre ,16 Lincon Terrace ,Vast Networks ,138,,,
14,Amanzintoti,Telkom Direct Store ,Amanzintoti Mall,Beach Road ,Wireless G,1,,,
42,Bayview,KFC ,Restaurant ,286 Lenny Naidu Drive ,Wireless G,2,,,
59,Berea ,KFC ,Restaurant ,249 Berea Road ,Wireless G,3,,,
60,Berea ,KFC ,Restaurant ,32 Berea Road,Wireless G,4,,,
76,Broadway,KFC ,Restaurant ,8 Swapo Road ,Wireless G,5,,,
82,Chatsworth,KFC ,Restaurant ,17 Joyhurst Street ,Wireless G,6,,,
83,Chatsworth,Ricochets ,Pool Bar ,200 Chatsworth Main Road ,Wireless G,7,,,
86,Chatsworth,Telkom Direct Store ,Chatsworth Shopping Centre ,17 Joyhurst Street ,Wireless G,8,,,
89,Che Guevara ,KFC ,Restaurant ,171 Berea Road ,Wireless G,9,,,
91,Clairwood,KFC ,Restaurant ,650 South Coast Road ,Wireless G,10,,,
94,Davenport,KFC ,Restaurant ,89 Helen Joseph Road ,Wireless G,11,,,
96,Davenport,Telkom Direct Store ,Davenport Square ,Brand Road ,Wireless G,12,,,
119,Durban ,Full Tank Garage ,Garage ,89 Flanders Drive,Wireless G,13,,,
128,Durban ,KFC ,Restaurant ,63 Alice Street ,Wireless G,14,,,
129,Durban ,KFC ,Restaurant ,26 Beatrice Street ,Wireless G,15,,,
130,Durban ,KFC ,Restaurant ,99 Broad Street ,Wireless G,16,,,
131,Durban ,KFC ,Restaurant ,145 Field Street ,Wireless G,17,,,
132,Durban ,KFC ,Restaurant ,209 Grey Street ,Wireless G,18,,,
133,Durban ,KFC ,Restaurant ,1-5 RD Naidu Drive ,Wireless G,19,,,
134,Durban ,KFC ,Restaurant ,201 Sparks Road ,Wireless G,20,,,
135,Durban ,KFC ,Restaurant ,349 West Street ,Wireless G,21,,,
149,Durban ,Telkom Direct Store ,Store,320 West Street ,Wireless G,22,,,
173,Durban North ,KFC ,Restaurant ,87 Umhlanga Rocks Drive ,Wireless G,23,,,
174,Durban North ,KFC ,Restaurant ,17 Kenneth Kaundra Road ,Wireless G,24,,,
214,Eshowe ,KFC ,Restaurant ,102 Osborn Road ,Wireless G,25,,,
215,Eshowe ,KFC ,Restaurant ,2 Osborn Road ,Wireless G,26,,,
225,Gillespie,KFC ,Restaurant ,50 West Street ,Wireless G,27,,,
251,Greyville ,KFC ,Restaurant ,Stamford Hill Road ,Wireless G,28,,,
281,Hlabisa,KFC ,Restaurant ,R618 Hlabisa Township ,Wireless G,29,,,
301,Killarney ,KFC ,Restaurant ,Cnr Koeberg and Turf Avenue ,Wireless G,30,,,
331,KwaMashu,KFC ,Restaurant ,Mandela Road ,Wireless G,31,,,
355,La Lucia ,Wimpy  ,La Lucia Mall,90 William Campbell Drive ,Wireless G,32,,,
358,La Mercy ,KFC ,Restaurant ,King Shaka Drive ,Wireless G,33,,,
378,Manguzi ,KFC ,Restaurant ,P522 Manguzi Road,Wireless G,34,,,
379,Marburg,KFC ,Restaurant ,Cnr Watterson and Borchers ,Wireless G,35,,,
400,Melmoth,KFC ,Restaurant ,29 Piet Retief Street ,Wireless G,36,,,
408,Mobeni,KFC ,Restaurant ,35 Grimsby Road ,Wireless G,37,,,
411,Montclair,KFC ,Restaurant ,185 Wood Road ,Wireless G,38,,,
465,Musgrave ,KFC ,Restaurant ,115 Musgrave Road ,Wireless G,39,,,
474,Musgrave ,Telkom Direct Store ,Musgrave Shopping Centre ,115 Musgrave Road ,Wireless G,40,,,
511,Newlands ,KFC ,Restaurant ,784 Inanda Road ,Wireless G,41,,,
519,Nongoma ,KFC ,Restaurant ,R66 Main Street,Wireless G,42,,,
530,North Beach,KFC ,Restaurant ,Ushaka Marine World,Wireless G,43,,,
542,Northway,KFC ,Restaurant ,17 Kenneth Kaundra Road ,Wireless G,44,,,
544,Overport,KFC ,Restaurant ,441 Peter Mokaba Ridge ,Wireless G,45,,,
556,Philani,KFC ,Restaurant ,118 Echwabeni Avenue,Wireless G,46,,,
645,Pietermaritzburg ,McDonalds ,Restaurant ,Cnr Buger and Commercial Street ,Wireless G,47,,,
751,Point,KFC ,Restaurant ,557 Point Road ,Wireless G,48,,,
758,Port Edward,KFC ,Restaurant ,Cnr R61 and Owen Alice Drive ,Wireless G,49,,,
760,Port Shepstone ,KFC ,Restaurant ,Cnr Robinson and Bazley ,Wireless G,50,,,
761,Port Shepstone ,KFC ,Restaurant ,Oribi Plaza Durban ,Wireless G,51,,,
812,Russel,KFC ,Restaurant ,54 Russel Street,Wireless G,52,,,
829,Shakaskraal,KFC ,Restaurant ,Protea Road ,Wireless G,53,,,
831,Shallcross ,KFC ,Restaurant ,90 Shellcross Drive ,Wireless G,54,,,
906,Springfield Park ,KFC ,Restaurant ,62 Intersite Avenue ,Wireless G,55,,,
912,Springfield Park ,RMB Home Centre ,Home Store ,2 Llala Avenue ,Wireless G,56,,,
933,Suncoast Casino ,KFC ,Restaurant ,20 Battery Beach Road ,Wireless G,57,,,
947,The Bluff,KFC ,Restaurant ,178 Austerville Drive,Wireless G,58,,,
948,The Bluff,KFC ,Restaurant ,587 Bluff Road ,Wireless G,59,,,
949,The Bluff,KFC ,Restaurant ,318 Tara Road ,Wireless G,60,,,
971,Tugela Ferry,KFC ,Restaurant,Main Road ,Wireless G,61,,,
1126,Umlazi ,KFC ,Restaurant ,Mangosuthu Highway ,Wireless G,62,,,
1127,Umlazi ,KFC ,Restaurant ,Sibusiso Mdakane Drive ,Wireless G,63,,,
1171,Warwick,KFC ,Restaurant ,63 Lancers Road ,Wireless G,64,,,
1173,Westend,KFC ,Restaurant ,124 Russell Street ,Wireless G,65,,,
1180,Westville ,Gloria Jeans Coffee ,Pavillion Shopping Centre ,9 Spine Road ,Wireless G,66,,,
1184,Westville ,KFC ,Restaurant ,3 Garden Park Road,Wireless G,67,,,
1202,Westville ,Telkom Direct Store ,Pavillion Shopping Centre ,9 Spine Road ,Wireless G,68,,,
1207,Westville ,Westwood Mall,Shopping Centre ,16 Lincon Terrace ,Wireless G,69,,,
1215,Windermere ,Fortunes Restaurant ,Restaurant ,163 Lilian Ngoyi Road ,Wireless G,70,,,
117,Durban ,Durban Labour Court ,Court ,Anton Lembede Street ,Wireless G ,71,,,
1091,Umhlanga Ridge ,Gloria Jeans Coffee ,Gateway Theatre of Shopping,1 Palm Boulevard ,Wireless G ,72,Unlimited ,Uncapped ,
,KZN WIFI HOTSPOTS,,,,,,,,
890,South Beach,XTLS Dreadlocks,Hair Salon ,225 Smith/Albany Groove ,,,,,